second,Volt,Volt,Volt,Volt4
-0.4,-0.072362,-0.009208,7.025754,0.009617
-0.395,-0.084925,-0.009208,9.827261,0.009617
-0.39,-0.072362,-0.004685,6.209171,0.010496
-0.385,-0.0799,0.006872,2.427764,0.009994
-0.38,-0.11005,-0.008706,-1.02701,0.009742
-0.375,-0.084925,-0.011721,-4.50691,0.010245
-0.37,-0.072362,-0.013731,-8.175251,0.010747
-0.365,-0.112563,-0.001168,-10.273241,0.009617
-0.36,-0.11005,-0.008706,-6.642588,0.009617
-0.355,-0.072362,-0.009208,-2.974246,0.009617
-0.35,-0.072362,-0.009208,0.694095,0.010747
-0.345,-0.0799,0.00034,4.199121,0.011627
-0.34,-0.11005,-0.009208,7.817211,0.009742
-0.335,-0.072362,-0.011721,9.023241,0.009617
-0.33,-0.08995,-0.009208,5.292085,0.010747
-0.325,-0.0799,-0.001168,1.78706,0.011627
-0.32,-0.072362,-0.009208,-1.83103,0.009742
-0.315,-0.084925,-0.009208,-5.449121,0.009617
-0.31,-0.072362,-0.009208,-8.979271,0.010747
-0.305,-0.105025,-0.001168,-9.305905,0.009617
-0.3,-0.072362,-0.009208,-5.650126,0.011501
-0.295,-0.072362,-0.017248,-2.032035,0.009617
-0.29,-0.072362,-0.009208,1.498116,0.010496
-0.285,-0.0799,-0.001168,5.166457,0.00924
-0.28,-0.074874,-0.009208,8.633794,0.009617
-0.275,-0.072362,-0.009208,8.156407,0.009617
-0.27,-0.094975,-0.009208,4.400126,0.008486
-0.265,-0.072362,-0.001168,0.819724,0.009617
-0.26,-0.072362,-0.00167,-2.63505,0.011501
-0.255,-0.072362,-0.009208,-6.315955,0.009617
-0.25,-0.08995,-0.009208,-9.783292,0.009617
-0.245,-0.0799,-0.001168,-8.464196,0.009617
-0.24,-0.072362,-0.001168,-4.833543,0.009617
-0.235,-0.072362,-0.014736,-1.165201,0.010371
-0.23,-0.072362,-0.012726,2.302136,0.010747
-0.225,-0.072362,-0.001168,6.008166,0.009994
-0.22,-0.074874,-0.001168,9.626256,0.007732
-0.215,-0.1,-0.009208,7.214196,0.008235
-0.21,-0.072362,-0.009208,3.596106,0.010747
-0.205,-0.072362,-0.001168,0.015704,0.009617
-0.2,-0.072362,-0.009208,-3.451633,0.009617
-0.195,-0.1,-0.011721,-7.119975,0.008863
-0.19,-0.072362,-0.009208,-10.675251,0.010747
-0.185,-0.072362,-0.001168,-7.660176,0.00924
-0.18,-0.072362,-0.00167,-3.84108,0.011501
-0.175,-0.084925,-0.009208,-0.361181,0.008235
-0.17,-0.072362,-0.009208,3.194096,0.009617
-0.165,-0.105025,0.005365,6.812186,0.009617
-0.16,-0.11005,-0.009208,10.028266,0.011627
-0.155,-0.072362,-0.009208,6.410176,0.010245
-0.15,-0.112563,-0.009208,2.880025,0.008486
-0.145,-0.0799,-0.001168,-0.788317,0.007984
-0.14,-0.112563,-0.009208,-4.444096,0.009742
-0.135,-0.1,-0.014736,-7.923995,0.009617
-0.13,-0.112563,-0.009208,-10.273241,0.009617
-0.125,-0.072362,-0.002675,-6.692839,0.009617
-0.12,-0.072362,-0.001168,-3.03706,0.009617
-0.115,-0.1,-0.017248,0.380025,0.008989
-0.11,-0.072362,-0.012726,3.998116,0.009617
-0.105,-0.072362,-0.001168,7.616206,0.007984
-0.1,-0.11005,-0.008706,9.211683,0.009742
-0.095,-0.072362,-0.009208,5.543342,0.009617
-0.09,-0.072362,-0.009208,1.875,0.009617
-0.085,-0.0799,-0.002675,-1.466709,0.009617
-0.08,-0.11005,-0.009208,-5.059673,0.009617
-0.075,-0.072362,-0.009208,-8.728015,0.009617
-0.07,-0.094975,-0.013731,-9.469221,0.010747
-0.065,-0.0799,0.00034,-5.888819,0.01125
-0.06,-0.11005,-0.008706,-2.220477,0.011501
-0.055,-0.112563,-0.009208,1.309673,0.009617
-0.05,-0.072362,-0.012726,4.915201,0.010496
-0.045,-0.112563,-0.001168,8.583543,0.009617
-0.04,-0.072362,-0.009208,8.219221,0.009617
-0.035,-0.072362,-0.009208,4.601131,0.009617
-0.03,-0.072362,-0.013731,0.98304,0.009617
-0.025,-0.072362,-0.001168,-2.434045,0.01125
-0.02,-0.072362,-0.00167,-6.253141,0.009617
-0.015,-0.072362,-0.009208,-9.73304,0.010245
-0.01,-0.072362,-0.004685,-8.753141,0.010496
-0.005,-0.0799,-0.001168,-4.883794,0.009617
0,-0.074874,-0.009208,-1.416457,0.009617
0.005,-0.072362,-0.009208,2.18907,0.009617
0.01,-0.072362,-0.009208,5.719221,0.009617
0.015,-0.112563,-0.001168,9.387563,0.01125
0.02,-0.11005,-0.009208,7.415201,0.009617
0.025,-0.072362,-0.009208,3.935302,0.009617
0.03,-0.08995,-0.009208,0.17902,0.009617
0.035,-0.072362,-0.001168,-3.238065,0.009617
0.04,-0.072362,-0.001168,-6.868719,0.009617
0.045,-0.084925,-0.009208,-10.53706,0.009617
0.05,-0.072362,-0.013731,-7.861181,0.009617
0.055,-0.072362,-0.001168,-4.079774,0.007984
0.06,-0.034673,-0.009208,-0.612437,0.009617
0.065,-0.072362,-0.011721,2.917714,0.010245
0.07,-0.072362,-0.009208,6.523241,0.008737
0.075,-0.072362,0.00034,10.028266,0.00924
0.08,-0.072362,-0.00167,6.611181,0.009742
0.085,-0.1,-0.009208,2.8549,0.008235
0.09,-0.08995,-0.009208,-0.53706,0.009617
0.095,-0.072362,-0.001168,-4.079774,0.009617
0.1,-0.072362,-0.009208,-7.672739,0.009617
0.105,-0.072362,-0.017248,-10.474246,0.009617
0.11,-0.094975,-0.009208,-6.944096,0.009617
0.115,-0.0799,-0.001168,-3.275754,0.009617
0.12,-0.074874,-0.00167,0.191583,0.009742
0.125,-0.072362,-0.009208,3.859925,0.008989
0.13,-0.08995,-0.009208,7.503141,0.009617
0.135,-0.072362,0.005365,9.425251,0.00924
0.14,-0.072362,-0.008706,5.794598,0.007732
0.145,-0.1,-0.009208,2.126256,0.009617
0.15,-0.072362,-0.010213,-1.42902,0.010496
0.155,-0.0799,-0.001168,-5.047111,0.009617
0.16,-0.072362,-0.008706,-8.665201,0.009491
0.165,-0.084925,-0.014736,-9.670226,0.008989
0.17,-0.072362,-0.009208,-6.140075,0.009617
0.175,-0.0799,-0.001168,-2.471734,0.009617
0.18,-0.112563,-0.009208,0.995603,0.009617
0.185,-0.072362,-0.009208,4.802136,0.009617
0.19,-0.072362,-0.009208,8.219221,0.009617
0.195,-0.072362,-0.001168,8.457915,0.00924
0.2,-0.072362,-0.00167,4.802136,0.009617
0.205,-0.072362,-0.009208,1.322236,0.009617
0.21,-0.072362,-0.009208,-2.23304,0.008737
0.215,-0.072362,-0.001168,-5.851131,0.009994
0.22,-0.074874,-0.008706,-9.469221,0.009617
0.225,-0.072362,-0.009208,-8.803392,0.009617
0.23,-0.072362,-0.00569,-5.248116,0.010747
0.235,-0.0799,-0.001168,-1.667714,0.009994
0.24,-0.11005,-0.008706,1.988065,0.009617
0.245,-0.112563,-0.011721,5.467965,0.009617
0.25,-0.112563,-0.009208,9.224246,0.009617
0.255,-0.072362,-0.001168,7.653895,0.009617
0.26,-0.072362,-0.001168,3.998116,0.011501
0.265,-0.1,-0.009208,0.518216,0.010245
0.27,-0.072362,-0.009208,-3.062186,0.008486
0.275,-0.072362,-0.001168,-6.655151,0.010873
0.28,-0.072362,-0.009208,-10.285804,0.009491
0.285,-0.072362,-0.009208,-8.062186,0.009617
0.29,-0.072362,-0.009208,-4.33103,0.011627
0.295,-0.072362,0.005365,-0.826005,0.009994
0.3,-0.074874,-0.008706,2.804648,0.009617
0.305,-0.1,-0.009208,6.410176,0.009617
0.31,-0.072362,-0.009208,9.940327,0.009617
0.315,-0.105025,0.005365,6.812186,0.009617
0.32,-0.072362,-0.008706,3.194096,0.009742
0.325,-0.084925,-0.009208,-0.423995,0.009617
0.33,-0.08995,-0.009208,-3.954146,0.009617
0.335,-0.072362,0.005365,-7.622487,0.009617
0.34,-0.072362,-0.009208,-10.675251,0.009617
0.345,-0.072362,-0.017248,-7.057161,0.009617
0.35,-0.072362,-0.009208,-3.52701,0.009617
0.355,-0.072362,-0.002675,-0.059673,0.009617
0.36,-0.11005,-0.009208,3.407663,0.007858
0.365,-0.072362,-0.009208,7.415201,0.009617
0.37,-0.072362,-0.009208,9.513191,0.009617
0.375,-0.072362,-0.001168,5.844849,0.009617
0.38,-0.072362,-0.001168,2.565955,0.009617
0.385,-0.112563,-0.009208,-1.02701,0.009617
0.39,-0.072362,-0.009208,-4.645101,0.009617
0.395,-0.0799,-0.001168,-8.426508,0.009617
0.4,-0.072362,-0.016243,-9.871231,0.007732
0.405,-0.1,-0.017248,-6.391332,0.009617
0.41,-0.08995,-0.009208,-2.63505,0.010747
0.415,-0.072362,0.006872,0.782035,0.00924
0.42,-0.072362,-0.00167,4.412688,0.011627
0.425,-0.072362,-0.014736,8.08103,0.009617
0.43,-0.08995,-0.009208,8.709171,0.009617
0.435,-0.112563,-0.001168,5.040829,0.009617
0.44,-0.072362,-0.009208,1.573492,0.009617
0.445,-0.072362,-0.009208,-2.032035,0.008989
0.45,-0.08995,-0.009208,-5.562186,0.009617
0.455,-0.0799,-0.001168,-9.431533,0.007984
0.46,-0.072362,-0.00167,-9.054648,0.009742
0.465,-0.1,-0.014736,-5.449121,0.008989
0.47,-0.072362,-0.009208,-1.83103,0.009617
0.475,-0.0799,-0.001168,1.586055,0.008361
0.48,-0.072362,-0.009208,5.216709,0.009617
0.485,-0.072362,-0.009208,8.88505,0.009617
0.49,-0.094975,-0.009208,7.905151,0.010496
0.495,-0.072362,-0.002675,4.236809,0.01125
0.5,-0.072362,-0.001168,0.58103,0.009617
0.505,-0.084925,-0.011721,-2.836055,0.010999
0.51,-0.072362,-0.009208,-6.454146,0.009617
0.515,-0.072362,-0.001168,-10.072236,0.009617
0.52,-0.074874,-0.00167,-8.250628,0.009617
0.525,-0.084925,-0.014736,-4.582286,0.009617
0.53,-0.08995,-0.013731,-1.02701,0.009617
0.535,-0.0799,-0.001168,2.59108,0.009617
0.54,-0.072362,-0.008706,6.020729,0.009617
0.545,-0.1,-0.009208,9.68907,0.009617
0.55,-0.072362,-0.009208,7.013191,0.009617
0.555,-0.072362,-0.001168,3.432789,0.009617
0.56,-0.074874,-0.009208,-0.22299,0.009617
0.565,-0.072362,-0.009208,-3.702889,0.010999
0.57,-0.08995,-0.009208,-7.258166,0.007607
0.575,-0.105025,-0.002675,-10.876256,0.009617
0.58,-0.072362,-0.00167,-7.446608,0.011501
0.585,-0.072362,-0.014736,-3.778266,0.009617
0.59,-0.072362,-0.009208,-0.109925,0.008737
0.595,-0.072362,-0.0077,3.357412,0.009617
0.6,-0.072362,-0.009208,6.837312,0.009617
0.605,-0.084925,-0.009208,9.764447,0.010371
0.61,-0.08995,-0.013731,6.209171,0.009617
0.615,-0.072362,-0.001168,2.59108,0.00924
0.62,-0.11005,-0.008706,-0.838568,0.009617
0.625,-0.072362,-0.009208,-4.645101,0.009617
0.63,-0.072362,-0.013731,-8.175251,0.010747
0.635,-0.0799,-0.001168,-10.109925,0.009617
0.64,-0.074874,-0.008706,-6.642588,0.009617
0.645,-0.072362,-0.009208,-2.836055,0.009617
0.65,-0.072362,-0.009208,0.694095,0.009366
0.655,-0.0799,-0.001168,4.199121,0.009617
0.66,-0.112563,-0.00167,7.817211,0.011376
0.665,-0.072362,-0.009208,8.960427,0.009617
0.67,-0.072362,-0.009208,5.292085,0.009617
0.675,-0.072362,-0.001168,1.78706,0.01125
0.68,-0.11005,-0.00167,-1.843593,0.009617
0.685,-0.072362,-0.017248,-5.511935,0.009617
0.69,-0.08995,-0.009208,-8.979271,0.008486
0.695,-0.105025,-0.001168,-9.268216,0.01125
0.7,-0.034673,-0.008706,-5.838568,0.009617
0.705,-0.112563,-0.011721,-1.969221,0.008989
0.71,-0.072362,-0.013731,1.498116,0.009617
0.715,-0.072362,-0.001168,5.166457,0.009617
0.72,-0.074874,-0.00167,8.822236,0.009617
0.725,-0.1,-0.00368,8.018216,0.009617
0.73,-0.072362,-0.009208,4.601131,0.009617
0.735,-0.0799,-0.001168,0.857412,0.01125
0.74,-0.072362,-0.009208,-2.823492,0.011501
0.745,-0.1,-0.009208,-6.11495,0.009617
0.75,-0.072362,-0.009208,-9.871231,0.009617
0.755,-0.072362,0.005365,-8.300879,0.009617
0.76,-0.112563,-0.008706,-4.833543,0.007732
0.765,-0.072362,-0.009208,-1.165201,0.010999
0.77,-0.112563,-0.009208,2.302136,0.010747
0.775,-0.072362,0.005365,5.807161,0.009617
0.78,-0.11005,-0.008706,9.626256,0.007607
0.785,-0.072362,-0.014736,7.352387,0.008989
0.79,-0.072362,-0.009208,3.684045,0.009617
0.795,-0.0799,-0.001168,0.17902,0.00924
0.8,-0.11005,-0.008706,-3.451633,0.007732
0.805,-0.084925,-0.014736,-7.119975,0.009617
0.81,-0.072362,-0.009208,-10.788317,0.009617
0.815,-0.072362,-0.002675,-7.660176,0.009617
0.82,-0.072362,-0.008706,-4.029523,0.009491
0.825,-0.084925,-0.009208,-0.361181,0.009617
0.83,-0.072362,-0.009208,3.08103,0.010496
0.835,-0.105025,-0.001168,6.812186,0.01125
0.84,-0.072362,-0.009208,10.015704,0.009617
0.845,-0.1,-0.017248,6.548367,0.010245
0.85,-0.072362,-0.009208,2.76696,0.009617
0.855,-0.072362,-0.001168,-0.625,0.007984
0.86,-0.072362,-0.00167,-4.255653,0.011501
0.865,-0.1,-0.00368,-7.923995,0.009617
0.87,-0.072362,-0.009208,-10.361181,0.009617
0.875,-0.0799,-0.001168,-6.692839,0.009617
0.88,-0.072362,-0.009208,-3.03706,0.011501
0.885,-0.084925,-0.011721,0.304648,0.009617
0.89,-0.094975,-0.012726,3.998116,0.010496
0.895,-0.105025,-0.001168,7.779523,0.009617
0.9,-0.074874,-0.009208,9.211683,0.009617
0.905,-0.072362,-0.009208,5.543342,0.009617
0.91,-0.072362,-0.012726,1.96294,0.009617
0.915,-0.072362,-0.001168,-1.592337,0.009617
0.92,-0.072362,-0.009208,-5.059673,0.009491
0.925,-0.072362,-0.009208,-8.866206,0.010999
0.93,-0.112563,-0.00569,-9.469221,0.010747
0.935,-0.072362,-0.001168,-5.851131,0.007984
0.94,-0.074874,-0.009208,-2.220477,0.009617
0.945,-0.072362,-0.009208,1.246859,0.009617
0.95,-0.112563,-0.009208,4.915201,0.010496
0.955,-0.0799,-0.001168,8.420226,0.009617
0.96,-0.072362,-0.008706,8.219221,0.009617
0.965,-0.072362,-0.009208,4.739322,0.007607
0.97,-0.08995,-0.009208,1.184045,0.010496
0.975,-0.105025,0.005365,-2.434045,0.009617
0.98,-0.074874,-0.008706,-6.064699,0.009742
0.985,-0.084925,-0.009208,-9.532035,0.009617
0.99,-0.08995,-0.009208,-8.665201,0.009617
0.995,-0.072362,-0.001168,-5.084799,0.009617
1,-0.072362,-0.001168,-1.228015,0.011376
1.005,-0.072362,-0.011721,2.18907,0.009617
1.01,-0.072362,-0.009208,5.807161,0.008737
1.015,-0.072362,-0.001168,9.387563,0.009617
1.02,-0.11005,-0.009208,7.415201,0.009617
1.025,-0.072362,-0.009208,3.935302,0.009617
1.03,-0.094975,-0.010213,0.26696,0.008737
1.035,-0.0799,-0.001168,-3.238065,0.009617
1.04,-0.11005,-0.008706,-7.044598,0.007732
1.045,-0.084925,-0.009208,-10.612437,0.009617
1.05,-0.112563,-0.009208,-7.748116,0.008486
1.055,-0.072362,-0.0077,-4.079774,0.009617
1.06,-0.072362,-0.001168,-0.625,0.011501
1.065,-0.072362,-0.009208,2.917714,0.008235
1.07,-0.072362,-0.009208,6.611181,0.008486
1.075,-0.072362,-0.0077,10.229271,0.009617
1.08,-0.074874,-0.00167,6.598618,0.009617
1.085,-0.072362,-0.014736,2.930276,0.011627
1.09,-0.08995,-0.00569,-0.625,0.010747
1.095,-0.072362,-0.001168,-4.205402,0.009617
1.1,-0.072362,-0.008706,-7.672739,0.009742
1.105,-0.072362,-0.009208,-10.612437,0.009617
1.11,-0.072362,-0.009208,-6.944096,0.008486
1.115,-0.105025,-0.001168,-3.275754,0.00924
1.12,-0.072362,-0.001168,0.191583,0.009617
1.125,-0.072362,-0.009208,3.859925,0.009617
1.13,-0.072362,-0.009208,7.528266,0.008737
1.135,-0.0799,-0.001168,9.46294,0.008361
1.14,-0.072362,-0.009208,5.794598,0.009617
1.145,-0.072362,-0.009208,2.18907,0.009617
1.15,-0.072362,-0.013731,-1.454146,0.009868
1.155,-0.0799,-0.001168,-5.009422,0.01125
1.16,-0.074874,-0.009208,-8.665201,0.009617
1.165,-0.1,-0.014736,-9.808417,0.009617
1.17,-0.072362,-0.009208,-6.140075,0.009617
1.175,-0.0799,-0.001168,-2.471734,0.007984
1.18,-0.072362,-0.008706,1.184045,0.009617
1.185,-0.084925,-0.009208,4.663945,0.009617
1.19,-0.072362,-0.013731,8.332287,0.009617
1.195,-0.072362,0.005365,8.457915,0.006351
1.2,-0.11005,-0.00167,4.990578,0.009742
1.205,-0.112563,-0.009208,1.38505,0.008989
1.21,-0.072362,-0.013731,-2.23304,0.008737
1.215,-0.072362,0.005365,-5.813442,0.01125
1.22,-0.074874,-0.009208,-9.481784,0.009491
1.225,-0.072362,-0.014736,-8.803392,0.009617
1.23,-0.08995,-0.009208,-5.248116,0.009617
1.235,-0.072362,0.005365,-1.630025,0.009617
1.24,-0.072362,-0.009208,1.988065,0.009617
1.245,-0.072362,-0.009208,5.467965,0.008989
1.25,-0.072362,-0.009208,9.136307,0.010496
1.255,-0.072362,0.005365,7.653895,0.009617
1.26,-0.11005,-0.009208,3.985553,0.009617
1.265,-0.1,-0.009208,0.518216,0.009617
1.27,-0.072362,-0.009208,-3.150126,0.010747
1.275,-0.072362,-0.001168,-6.655151,0.009617
1.28,-0.11005,-0.009208,-10.285804,0.009491
1.285,-0.072362,-0.009208,-7.999372,0.009617
1.29,-0.112563,-0.009208,-4.24309,0.008737
1.295,-0.072362,-0.001168,-0.826005,0.007984
1.3,-0.072362,-0.008706,2.616206,0.009617
1.305,-0.084925,-0.011721,6.410176,0.010999
1.31,-0.072362,-0.009208,10.141332,0.009617
1.315,-0.0799,-0.001168,6.849874,0.010873
1.32,-0.072362,-0.008706,3.382538,0.009617
1.325,-0.072362,-0.011721,-0.423995,0.009617
1.33,-0.072362,-0.009208,-4.042085,0.009617
1.335,-0.112563,0.005365,-7.584799,0.007984
1.34,-0.072362,-0.009208,-10.863694,0.009617
1.345,-0.072362,-0.017248,-7.195352,0.008989
1.35,-0.094975,-0.004685,-3.52701,0.009617
1.355,-0.072362,-0.0077,-0.021985,0.008361
1.36,-0.074874,-0.00167,3.420226,0.009617
1.365,-0.084925,-0.017248,7.27701,0.009617
1.37,-0.072362,-0.009208,9.626256,0.009617
1.375,-0.0799,0.00034,6.008166,0.009617
1.38,-0.074874,-0.008706,2.377513,0.009742
1.385,-0.084925,-0.014736,-1.089824,0.008989
1.39,-0.072362,-0.012726,-4.758166,0.009617
1.395,-0.105025,-0.001168,-8.426508,0.009617
1.4,-0.072362,-0.009208,-9.871231,0.009617
1.405,-0.1,-0.009208,-6.190327,0.008235
1.41,-0.072362,-0.009208,-2.72299,0.008486
1.415,-0.0799,-0.001168,0.782035,0.009617
1.42,-0.072362,-0.009208,4.412688,0.009617
1.425,-0.072362,-0.011721,8.018216,0.008235
1.43,-0.072362,-0.009208,8.709171,0.009617
1.435,-0.072362,-0.001168,5.040829,0.009617
1.44,-0.074874,-0.009208,1.573492,0.009617
1.445,-0.072362,-0.009208,-1.893844,0.009617
1.45,-0.112563,-0.009208,-5.562186,0.009617
1.455,-0.072362,-0.001168,-9.230528,0.00924
1.46,-0.11005,-0.008706,-9.054648,0.009617
1.465,-0.072362,-0.009208,-5.449121,0.009617
1.47,-0.08995,-0.009208,-1.83103,0.009617
1.475,-0.072362,-0.001168,1.749372,0.009617
1.48,-0.11005,-0.009208,5.405151,0.007732
1.485,-0.072362,-0.011721,8.88505,0.010245
1.49,-0.072362,-0.009208,8.018216,0.010747
1.495,-0.072362,0.005365,4.362437,0.01125
1.5,-0.074874,-0.00167,0.58103,0.009491
1.505,-0.072362,-0.009208,-2.898869,0.010245
1.51,-0.072362,-0.009208,-6.567211,0.010747
1.515,-0.072362,-0.001168,-10.072236,0.01125
1.52,-0.072362,-0.009208,-8.250628,0.009491
1.525,-0.1,-0.009208,-4.582286,0.010245
1.53,-0.094975,-0.009208,-1.02701,0.009617
1.535,-0.0799,-0.001168,2.59108,0.009617
1.54,-0.072362,-0.009208,6.221734,0.009617
1.545,-0.1,-0.017248,9.751885,0.010245
1.55,-0.072362,-0.00569,7.013191,0.011627
1.555,-0.112563,0.005365,3.395101,0.01125
1.56,-0.072362,-0.008706,-0.22299,0.009617
1.565,-0.1,-0.009208,-3.702889,0.010245
1.57,-0.08995,-0.009208,-7.258166,0.010496
1.575,-0.072362,-0.001168,-10.913945,0.009617
1.58,-0.11005,-0.009208,-7.434045,0.011627
1.585,-0.1,-0.017248,-3.640075,0.010999
1.59,-0.094975,-0.009208,-0.197864,0.009617
1.595,-0.0799,-0.001168,3.357412,0.009617
1.6,-0.072362,-0.009208,7.013191,0.009491
1.605,-0.084925,-0.009208,9.626256,0.008989
1.61,-0.08995,-0.009208,6.322236,0.011627
1.615,-0.105025,0.00034,2.59108,0.009617
1.62,-0.074874,-0.009208,-0.838568,0.011627
1.625,-0.1,-0.009208,-4.645101,0.009617
1.63,-0.094975,-0.009208,-8.175251,0.010496
1.635,-0.072362,0.003857,-10.109925,0.009617
1.64,-0.072362,-0.009208,-6.454146,0.011627
1.645,-0.1,-0.009208,-2.974246,0.010999
1.65,-0.072362,-0.012726,0.606156,0.010747
1.655,-0.072362,-0.001168,4.236809,0.009617
1.66,-0.072362,-0.009208,8.005653,0.009742
1.665,-0.112563,-0.009208,8.960427,0.009617
1.67,-0.072362,-0.009208,5.292085,0.011627
1.675,-0.072362,-0.001168,1.661432,0.009617
1.68,-0.072362,-0.008706,-1.83103,0.009742
1.685,-0.072362,-0.009208,-5.31093,0.010245
1.69,-0.08995,-0.009208,-9.067211,0.010496
1.695,-0.112563,-0.001168,-9.268216,0.009617
1.7,-0.072362,-0.009208,-5.637563,0.011501
1.705,-0.072362,-0.011721,-2.032035,0.009617
1.71,-0.094975,-0.009208,1.586055,0.010496
1.715,-0.105025,-0.001168,5.003141,0.01125
1.72,-0.11005,-0.009208,8.822236,0.011627
1.725,-0.1,-0.009208,8.156407,0.010245
1.73,-0.08995,-0.009208,4.488065,0.009617
1.735,-0.0799,-0.001168,0.819724,0.01125
1.74,-0.112563,-0.009208,-2.63505,0.009742
1.745,-0.084925,-0.009208,-6.253141,0.009617
1.75,-0.072362,-0.009208,-9.871231,0.011627
1.755,-0.112563,0.005365,-8.300879,0.011627
1.76,-0.112563,-0.009208,-4.833543,0.009742
1.765,-0.1,-0.009208,-1.165201,0.009617
1.77,-0.072362,-0.009208,2.302136,0.009617
1.775,-0.072362,-0.001168,5.970477,0.01125
1.78,-0.074874,-0.009208,9.437814,0.009617
1.785,-0.072362,-0.009208,7.151382,0.011627
1.79,-0.072362,-0.009208,3.684045,0.010496
1.795,-0.072362,0.005365,0.015704,0.009994
1.8,-0.072362,-0.00167,-3.640075,0.009742
1.805,-0.072362,-0.009208,-7.057161,0.010245
1.81,-0.112563,-0.012726,-10.788317,0.010747
1.815,-0.0799,-0.001168,-7.496859,0.01125
1.82,-0.072362,-0.001168,-4.029523,0.011501
1.825,-0.072362,-0.009208,-0.361181,0.009617
1.83,-0.08995,-0.009208,3.194096,0.010496
1.835,-0.0799,-0.001168,6.774498,0.009617
1.84,-0.072362,-0.00167,10.015704,0.009742
1.845,-0.1,-0.011721,6.548367,0.010999
1.85,-0.072362,-0.013731,2.67902,0.009617
1.855,-0.072362,-0.001168,-0.826005,0.009617
1.86,-0.072362,-0.009208,-4.255653,0.009742
1.865,-0.072362,-0.009208,-8.062186,0.009617
1.87,-0.072362,-0.009208,-10.361181,0.009617
1.875,-0.105025,-0.001168,-6.692839,0.009994
1.88,-0.074874,-0.009208,-3.21294,0.011627
1.885,-0.1,-0.009208,0.58103,0.010999
1.89,-0.094975,-0.012726,3.910176,0.010496
1.895,-0.072362,-0.001168,7.616206,0.011627
1.9,-0.074874,-0.009208,9.023241,0.011501
1.905,-0.072362,-0.011721,5.606156,0.011627
1.91,-0.072362,-0.009208,1.875,0.011627
1.915,-0.105025,-0.001168,-1.592337,0.009994
1.92,-0.072362,-0.00167,-5.248116,0.009742
1.925,-0.072362,-0.014736,-8.866206,0.010245
1.93,-0.094975,-0.009208,-9.469221,0.010747
1.935,-0.072362,-0.001168,-5.851131,0.009994
1.94,-0.072362,-0.001168,-2.220477,0.009617
1.945,-0.072362,-0.009208,1.246859,0.011627
1.95,-0.094975,-0.009208,4.915201,0.010496
1.955,-0.0799,-0.001168,8.583543,0.009617
1.96,2.219095,-0.009208,8.219221,0.063888
1.965,2.219095,-0.009208,4.601131,0.063888
1.97,2.241708,-0.013731,1.07098,0.063888
1.975,2.219095,-0.001168,-2.434045,0.062632
1.98,2.219095,-0.00167,-6.052136,0.065773
1.985,2.219095,-0.011721,-9.594849,0.062506
1.99,2.219095,-0.009208,-8.665201,0.063888
1.995,2.219095,-0.001168,-4.883794,0.065521
2,2.219095,-0.008706,-1.416457,0.065773
2.005,2.219095,-0.00368,2.113693,0.063888
2.01,2.219095,-0.013731,5.719221,0.063888
2.015,2.219095,0.005365,9.224246,0.065521
2.02,2.219095,-0.008706,7.415201,0.064014
2.025,2.219095,-0.011721,3.797111,0.064642
2.03,2.219095,-0.009208,0.26696,0.063888
2.035,2.219095,-0.001168,-3.238065,0.061878
2.04,2.219095,-0.001168,-6.868719,0.063888
2.045,2.219095,-0.017248,-10.474246,0.063888
2.05,2.219095,-0.009208,-7.748116,0.062758
2.055,2.219095,0.005365,-4.079774,0.063888
2.06,2.219095,-0.008706,-0.612437,0.063763
2.065,2.219095,-0.009208,2.99309,0.063888
2.07,2.219095,-0.009208,6.724246,0.063888
2.075,2.219095,-0.001168,10.191583,0.063888
2.08,2.219095,-0.00167,6.78706,0.065773
2.085,2.219095,-0.009208,2.99309,0.063888
2.09,2.219095,-0.009208,-0.625,0.063888
2.095,2.219095,-0.001168,-4.042085,0.063888
2.1,2.219095,-0.008706,-7.672739,0.063888
2.105,2.219095,-0.009208,-10.612437,0.06326
2.11,2.219095,-0.00569,-6.856156,0.063888
2.115,2.219095,-0.001168,-3.275754,0.063888
2.12,2.219095,-0.00167,0.191583,0.063888
2.125,2.219095,-0.009208,3.859925,0.063888
2.13,2.219095,-0.013731,7.415201,0.063888
2.135,2.186432,-0.001168,9.261935,0.063888
2.14,2.219095,-0.009208,5.794598,0.063888
2.145,2.219095,-0.009208,2.126256,0.062506
2.15,2.219095,-0.009208,-1.34108,0.062758
2.155,2.186432,-0.001168,-5.009422,0.063888
2.16,2.219095,-0.009208,-8.665201,0.062004
2.165,2.219095,-0.009208,-9.670226,0.06326
2.17,2.219095,-0.009208,-6.02701,0.062758
2.175,2.219095,-0.001168,-2.434045,0.063888
2.18,2.219095,-0.00167,1.184045,0.063888
2.185,2.219095,-0.011721,4.802136,0.064642
2.19,2.219095,-0.009208,8.332287,0.063888
2.195,2.219095,-0.001168,8.457915,0.063888
2.2,2.219095,-0.008706,4.990578,0.065773
2.205,2.219095,-0.009208,1.322236,0.061878
2.21,2.219095,-0.004685,-2.23304,0.062129
2.215,2.219095,0.003857,-5.813442,0.062255
2.22,2.219095,-0.008706,-9.469221,0.063888
2.225,2.219095,-0.014736,-8.803392,0.061878
2.23,2.219095,-0.009208,-5.13505,0.063009
2.235,2.219095,-0.001168,-1.630025,0.063511
2.24,2.219095,-0.009208,1.812186,0.063888
2.245,2.219095,-0.009208,5.606156,0.063888
2.25,2.219095,-0.009208,9.136307,0.063009
2.255,2.219095,0.005365,7.653895,0.063511
2.26,2.219095,-0.009208,4.186558,0.063763
2.265,2.219095,-0.011721,0.518216,0.062506
2.27,2.219095,-0.00569,-3.150126,0.063888
2.275,2.219095,0.005365,-6.818467,0.063511
2.28,2.221608,-0.009208,-10.285804,0.063888
2.285,2.219095,-0.009208,-7.999372,0.06326
2.29,2.219095,-0.009208,-4.33103,0.061878
2.295,2.219095,-0.001168,-0.662688,0.061878
2.3,2.216583,-0.001168,2.792085,0.063888
2.305,2.219095,-0.009208,6.47299,0.06326
2.31,2.219095,-0.004685,9.940327,0.062758
2.315,2.219095,0.005365,6.849874,0.061878
2.32,2.219095,-0.00167,3.181533,0.063763
2.325,2.219095,-0.009208,-0.285804,0.061878
2.33,2.219095,-0.009208,-3.84108,0.062758
2.335,2.219095,-0.001168,-7.622487,0.061878
2.34,2.219095,-0.008706,-10.675251,0.063763
2.345,2.231658,-0.009208,-7.132538,0.064642
2.35,2.219095,-0.009208,-3.43907,0.062758
2.355,2.219095,-0.001168,-0.021985,0.062255
2.36,2.219095,-0.009208,3.608668,0.063888
2.365,2.219095,-0.011721,7.352387,0.063888
2.37,2.219095,-0.009208,9.626256,0.062758
2.375,2.219095,-0.001168,6.045854,0.061878
2.38,2.219095,-0.008706,2.377513,0.062004
2.385,2.219095,-0.011721,-1.089824,0.061878
2.39,2.219095,-0.00569,-4.846106,0.063888
2.395,2.251759,-0.001168,-8.426508,0.063888
2.4,2.219095,-0.001168,-10.059673,0.062004
2.405,2.219095,-0.009208,-6.253141,0.06326
2.41,2.219095,-0.009208,-2.72299,0.063009
2.415,2.219095,-0.001168,0.945352,0.061878
2.42,2.219095,-0.008706,4.601131,0.063763
2.425,2.219095,-0.011721,8.08103,0.06326
2.43,2.219095,-0.009208,8.709171,0.061878
2.435,2.219095,-0.001168,5.204146,0.061878
2.44,2.219095,-0.008706,1.38505,0.063763
2.445,2.219095,-0.014736,-1.893844,0.06326
2.45,2.219095,-0.009208,-5.650126,0.062758
2.455,2.251759,-0.001168,-9.268216,0.063511
2.46,2.219095,-0.008706,-9.054648,0.061878
2.465,2.219095,-0.011721,-5.449121,0.063888
2.47,2.241708,-0.009208,-1.91897,0.062758
2.475,2.219095,0.00034,1.749372,0.062255
2.48,2.219095,-0.008706,5.216709,0.061878
2.485,2.219095,-0.009208,8.822236,0.061878
2.49,2.219095,-0.009208,7.817211,0.062758
2.495,2.219095,0.005365,4.236809,0.061878
2.5,2.219095,-0.009208,0.58103,0.063763
2.505,2.219095,-0.011721,-2.836055,0.062506
2.51,2.219095,-0.009208,-6.454146,0.061878
2.515,2.219095,-0.002675,-10.034548,0.061878
2.52,2.219095,-0.009208,-8.062186,0.063763
2.525,2.219095,-0.011721,-4.582286,0.062506
2.53,2.219095,-0.009208,-0.913945,0.063009
2.535,2.219095,-0.001168,2.716709,0.063134
2.54,2.219095,-0.001168,6.221734,0.063763
2.545,2.219095,-0.009208,9.751885,0.061878
2.55,2.219095,-0.009208,7.013191,0.062758
2.555,2.219095,-0.001168,3.432789,0.061878
2.56,2.219095,-0.00167,-0.047111,0.063763
2.565,2.219095,-0.009208,-3.702889,0.060496
2.57,2.219095,-0.009208,-7.258166,0.063009
2.575,2.219095,0.00034,-10.838568,0.062255
2.58,2.219095,-0.001168,-7.258166,0.061878
2.585,2.231658,-0.014736,-3.778266,0.060496
2.59,2.236683,-0.009208,-0.22299,0.062129
2.595,2.219095,-0.001168,3.558417,0.061501
2.6,2.256784,-0.009208,7.025754,0.061878
2.605,2.206533,-0.014736,9.764447,0.061878
2.61,2.219095,-0.009208,6.209171,0.061878
2.615,2.219095,-0.001168,2.427764,0.061878
2.62,2.219095,-0.009208,-1.02701,0.061878
2.625,2.219095,-0.009208,-4.50691,0.061878
2.63,2.201507,-0.009208,-8.062186,0.061878
2.635,2.219095,-0.0077,-10.109925,0.063134
2.64,2.219095,-0.009208,-6.441583,0.061878
2.645,2.219095,-0.009208,-2.836055,0.062506
2.65,2.219095,-0.004685,0.58103,0.061878
2.655,2.219095,-0.001168,4.400126,0.061878
2.66,2.219095,-0.008706,7.829774,0.061878
2.665,2.191457,-0.009208,8.960427,0.06125
2.67,2.219095,-0.004685,5.292085,0.061878
2.675,2.219095,0.005365,1.661432,0.063134
2.68,2.219095,-0.008706,-1.843593,0.061878
2.685,2.219095,-0.014736,-5.511935,0.061878
2.69,2.219095,-0.009208,-8.979271,0.061627
2.695,2.219095,0.005365,-9.431533,0.062255
2.7,2.219095,-0.00167,-5.650126,0.061878
2.705,2.219095,-0.014736,-2.032035,0.06326
2.71,2.219095,-0.009208,1.498116,0.061878
2.715,2.211558,-0.001168,5.003141,0.060245
2.72,2.219095,-0.00167,8.822236,0.061878
2.725,2.219095,-0.009208,8.156407,0.06326
2.73,2.219095,-0.012726,4.488065,0.060999
2.735,2.219095,-0.001168,0.945352,0.062255
2.74,2.219095,-0.009208,-2.647613,0.061753
2.745,2.219095,-0.011721,-6.253141,0.061878
2.75,2.219095,-0.009208,-9.896357,0.061878
2.755,2.219095,-0.001168,-8.464196,0.062255
2.76,2.219095,-0.009208,-4.645101,0.061878
2.765,2.219095,-0.009208,-1.228015,0.061878
2.77,2.219095,-0.004685,2.390075,0.063009
2.775,2.219095,-0.001168,5.970477,0.063888
2.78,2.181407,-0.009208,9.437814,0.062004
2.785,2.219095,-0.011721,7.214196,0.062506
2.79,2.219095,-0.009208,3.684045,0.063888
2.795,2.219095,-0.001168,-0.021985,0.063888
2.8,2.219095,-0.001168,-3.451633,0.062004
2.805,2.219095,-0.011721,-7.258166,0.061878
2.81,2.219095,-0.009208,-10.788317,0.061878
2.815,2.251759,-0.001168,-7.660176,0.062255
2.82,2.221608,-0.008706,-3.84108,0.063763
2.825,2.219095,-0.009208,-0.423995,0.062506
2.83,2.219095,-0.00569,3.307161,0.063888
2.835,2.211558,-0.001168,6.975503,0.061878
2.84,2.219095,-0.009208,10.028266,0.062004
2.845,2.219095,-0.014736,6.347362,0.06125
2.85,2.219095,-0.012726,2.792085,0.062758
2.855,2.219095,-0.001168,-0.826005,0.063511
2.86,2.219095,-0.008706,-4.255653,0.062004
2.865,2.219095,-0.014736,-7.923995,0.063888
2.87,2.219095,-0.004685,-10.273241,0.062758
2.875,2.219095,0.006872,-6.692839,0.061878
2.88,2.219095,-0.00167,-3.03706,0.062129
2.885,2.206533,-0.014736,0.380025,0.062506
2.89,2.219095,-0.009208,3.998116,0.063009
2.895,2.251759,-0.001168,7.616206,0.063511
2.9,2.219095,-0.009208,9.023241,0.062004
2.905,2.206533,-0.009208,5.543342,0.06326
2.91,2.219095,-0.00569,2.076005,0.063009
2.915,2.219095,-0.001168,-1.592337,0.062255
2.92,2.219095,-0.009208,-5.248116,0.063888
2.925,2.219095,-0.014736,-8.728015,0.063888
2.93,2.219095,-0.012726,-9.444096,0.063009
2.935,2.219095,-0.001168,-5.888819,0.063888
2.94,2.219095,-0.00167,-2.220477,0.062004
2.945,2.219095,-0.011721,1.246859,0.061878
2.95,2.219095,-0.009208,5.003141,0.063009
2.955,2.219095,-0.001168,8.583543,0.063888
2.96,2.219095,-0.008706,8.219221,0.063888
2.965,2.219095,-0.009208,4.739322,0.063888
2.97,2.219095,-0.012726,1.07098,0.063888
2.975,2.219095,-0.001168,-2.434045,0.063511
2.98,2.219095,-0.008706,-6.064699,0.063888
2.985,2.219095,-0.009208,-9.73304,0.061878
2.99,2.219095,-0.009208,-8.665201,0.063009
2.995,2.219095,-0.001168,-4.883794,0.062255
3,2.219095,-0.00167,-1.416457,0.063763
3.005,2.219095,-0.009208,2.050879,0.063888
3.01,2.219095,-0.004685,5.807161,0.063888
3.015,2.219095,-0.001168,9.387563,0.063511
3.02,2.219095,-0.009208,7.402638,0.063888
3.025,2.219095,-0.009208,3.935302,0.064642
3.03,2.219095,-0.009208,0.17902,0.062758
3.035,2.219095,-0.002675,-3.238065,0.062255
3.04,2.219095,-0.008706,-7.057161,0.063763
3.045,2.219095,-0.011721,-10.53706,0.063888
3.05,2.219095,-0.009208,-7.660176,0.061878
3.055,2.219095,-0.001168,-4.042085,0.061878
3.06,2.219095,-0.008706,-0.612437,0.063763
3.065,2.219095,-0.009208,2.8549,0.062506
3.07,2.219095,-0.009208,6.724246,0.063888
3.075,2.219095,-0.001168,10.028266,0.063511
3.08,2.219095,-0.009208,6.611181,0.062004
3.085,2.219095,-0.009208,3.068467,0.063888
3.09,2.219095,-0.009208,-0.625,0.062758
3.095,2.219095,-0.001168,-4.205402,0.061878
3.1,2.219095,-0.009208,-7.660176,0.062004
3.105,2.219095,-0.009208,-10.474246,0.061878
3.11,2.219095,-0.009208,-7.057161,0.063888
3.115,2.219095,-0.001168,-3.275754,0.062255
3.12,2.219095,-0.009208,0.191583,0.062004
3.125,2.206533,-0.009208,3.859925,0.062506
3.13,2.219095,-0.009208,7.528266,0.061878
3.135,2.219095,-0.001168,9.46294,0.063888
3.14,2.219095,-0.009208,5.807161,0.063888
3.145,2.219095,-0.009208,2.126256,0.063888
3.15,2.219095,-0.009208,-1.34108,0.062758
3.155,2.219095,-0.001168,-5.009422,0.063888
3.16,2.219095,-0.009208,-8.476759,0.062004
3.165,2.219095,-0.009208,-9.670226,0.061878
3.17,2.219095,-0.004685,-5.93907,0.063888
3.175,2.219095,-0.001168,-2.308417,0.062255
3.18,2.219095,-0.008706,1.184045,0.063888
3.185,2.219095,-0.009208,4.663945,0.061878
3.19,2.219095,-0.009208,8.332287,0.063888
3.195,2.186432,-0.001168,8.457915,0.063888
3.2,2.219095,-0.00167,4.802136,0.063763
3.205,2.219095,-0.009208,1.322236,0.062506
3.21,2.219095,-0.00569,-2.145101,0.063888
3.215,2.219095,-0.001168,-5.813442,0.061878
3.22,2.219095,-0.009208,-9.481784,0.063763
3.225,2.206533,-0.009208,-8.866206,0.06326
3.23,2.219095,-0.009208,-5.248116,0.063009
3.235,2.219095,-0.001168,-1.630025,0.061878
3.24,2.219095,-0.008706,1.799623,0.063888
3.245,2.219095,-0.011721,5.606156,0.063888
3.25,2.219095,-0.009208,9.136307,0.061878
3.255,2.219095,-0.001168,7.653895,0.063888
3.26,2.219095,-0.00167,3.985553,0.061878
3.265,2.219095,-0.011721,0.518216,0.063888
3.27,2.219095,-0.009208,-3.03706,0.061878
3.275,2.219095,-0.001168,-6.655151,0.063888
3.28,2.216583,-0.001168,-10.273241,0.063888
3.285,2.231658,-0.009208,-7.999372,0.06326
3.29,2.219095,-0.009208,-4.33103,0.062758
3.295,2.219095,-0.001168,-0.826005,0.062255
3.3,2.219095,-0.009208,2.792085,0.063763
3.305,2.219095,-0.009208,6.611181,0.062506
3.31,2.219095,-0.009208,9.940327,0.061878
3.315,2.219095,-0.001168,6.648869,0.063888
3.32,2.219095,-0.009208,3.194096,0.063888
3.325,2.219095,-0.009208,-0.423995,0.06326
3.33,2.219095,-0.009208,-3.84108,0.061878
3.335,2.19397,-0.001168,-7.459171,0.063888
3.34,2.216583,-0.009208,-10.863694,0.063888
3.345,2.219095,-0.009208,-6.994347,0.063888
3.35,2.219095,-0.009208,-3.52701,0.061878
3.355,2.186432,-0.001168,-0.059673,0.061878
3.36,2.219095,-0.00167,3.797111,0.063763
3.365,2.219095,-0.009208,7.339824,0.063888
3.37,2.196482,-0.004685,9.425251,0.062758
3.375,2.219095,-0.001168,5.882538,0.063888
3.38,2.219095,-0.008706,2.377513,0.062004
3.385,2.219095,-0.009208,-1.228015,0.063888
3.39,2.219095,-0.009208,-4.758166,0.063888
3.395,2.219095,-0.002675,-8.300879,0.063888
3.4,2.216583,-0.009208,-9.858668,0.063888
3.405,2.219095,-0.014736,-6.253141,0.063888
3.41,2.219095,-0.009208,-2.72299,0.063009
3.415,2.211558,-0.001168,0.945352,0.062255
3.42,2.181407,-0.008706,4.400126,0.063888
3.425,2.219095,-0.011721,8.219221,0.063888
3.43,2.219095,-0.009208,8.822236,0.063888
3.435,2.219095,-0.001168,5.040829,0.063888
3.44,2.219095,-0.001168,1.38505,0.065773
3.445,2.219095,-0.009208,-2.094849,0.063888
3.45,2.219095,-0.009208,-5.763191,0.063888
3.455,2.219095,-0.001168,-9.230528,0.063888
3.46,2.219095,-0.008706,-9.054648,0.063888
3.465,2.219095,-0.017248,-5.386307,0.06326
3.47,2.219095,-0.009208,-1.717965,0.064768
3.475,2.219095,-0.001168,1.749372,0.063888
3.48,2.219095,-0.009208,5.405151,0.062129
3.485,2.219095,-0.009208,8.88505,0.062506
3.49,2.219095,-0.004685,7.905151,0.063009
3.495,2.219095,-0.001168,4.400126,0.065144
3.5,2.219095,-0.00167,0.568467,0.063888
3.505,2.219095,-0.009208,-2.898869,0.063888
3.51,2.219095,-0.009208,-6.479271,0.062758
3.515,2.219095,-0.001168,-10.072236,0.062255
3.52,2.219095,-0.009208,-8.250628,0.063888
3.525,2.219095,-0.009208,-4.582286,0.063888
3.53,2.219095,-0.009208,-0.913945,0.063888
3.535,2.226633,-0.001168,2.553392,0.063888
3.54,2.219095,-0.008706,6.209171,0.065773
3.545,2.219095,-0.009208,9.827261,0.064642
3.55,2.219095,-0.004685,7.013191,0.065019
3.555,2.219095,-0.002675,3.432789,0.063888
3.56,2.219095,-0.009208,-0.22299,0.064014
3.565,2.191457,-0.011721,-3.702889,0.06326
3.57,2.219095,-0.009208,-7.371231,0.063009
3.575,2.219095,-0.001168,-11.039573,0.065521
3.58,2.216583,-0.00167,-7.258166,0.064014
3.585,2.191457,-0.009208,-3.640075,0.062506
3.59,2.219095,-0.009208,-0.109925,0.064768
3.595,2.219095,-0.002675,3.558417,0.063511
3.6,2.219095,-0.009208,7.013191,0.063888
3.605,2.219095,-0.011721,9.965452,0.062506
3.61,2.219095,-0.004685,6.297111,0.063888
3.615,2.219095,-0.001168,2.628769,0.065144
3.62,2.256784,-0.009208,-1.215452,0.063763
3.625,2.219095,-0.009208,-4.50691,0.063888
3.63,2.196482,-0.009208,-8.150126,0.063888
3.635,2.219095,0.003857,-10.109925,0.063888
3.64,2.219095,-0.009208,-6.454146,0.063763
3.645,2.219095,-0.00368,-2.836055,0.063888
3.65,2.219095,-0.00569,0.694095,0.063888
3.655,2.219095,-0.001168,4.199121,0.065898
3.66,2.219095,-0.009208,7.829774,0.063888
3.665,2.219095,-0.014736,8.960427,0.063888
3.67,2.219095,-0.009208,5.204146,0.063888
3.675,2.219095,-0.001168,1.623744,0.063888
3.68,2.219095,-0.009208,-1.83103,0.063888
3.685,2.231658,-0.017248,-5.449121,0.063888
3.69,2.219095,-0.00569,-8.979271,0.064768
3.695,2.219095,-0.001168,-9.268216,0.064265
3.7,2.219095,-0.009208,-5.637563,0.063763
3.705,2.246734,-0.017248,-2.032035,0.064642
3.71,2.219095,-0.012726,1.586055,0.063888
3.715,2.219095,-0.001168,5.166457,0.065898
3.72,2.216583,-0.009208,8.809673,0.064014
3.725,2.219095,-0.009208,8.156407,0.063888
3.73,2.219095,-0.009208,4.400126,0.063888
3.735,2.219095,-0.001168,0.819724,0.065898
3.74,2.219095,-0.009208,-2.647613,0.065898
3.745,2.219095,-0.011721,-6.177764,0.06527
3.75,2.201507,-0.012726,-9.984297,0.063888
3.755,2.219095,-0.001168,-8.464196,0.063888
3.76,2.219095,-0.00167,-4.645101,0.065773
3.765,2.219095,-0.011721,-1.165201,0.064516
3.77,2.219095,-0.00569,2.302136,0.065019
3.775,2.226633,-0.001168,5.970477,0.063888
3.78,2.219095,-0.009208,9.450377,0.063888
3.785,2.219095,-0.017248,7.214196,0.063888
3.79,2.219095,-0.009208,3.596106,0.065019
3.795,2.251759,-0.001168,-0.021985,0.064265
3.8,2.219095,-0.001168,-3.43907,0.063888
3.805,2.206533,-0.011721,-7.057161,0.06527
3.81,2.219095,-0.009208,-10.675251,0.065019
3.815,2.219095,-0.001168,-7.660176,0.063888
3.82,2.219095,-0.00167,-3.84108,0.065773
3.825,2.219095,-0.009208,-0.361181,0.063888
3.83,2.219095,-0.009208,3.194096,0.065898
3.835,2.219095,-0.001168,6.812186,0.063888
3.84,2.216583,-0.009208,10.028266,0.063763
3.845,2.219095,-0.009208,6.347362,0.063888
3.85,2.219095,-0.009208,2.880025,0.063888
3.855,2.219095,-0.001168,-0.788317,0.065521
3.86,2.219095,-0.008706,-4.444096,0.065773
3.865,2.191457,-0.014736,-7.923995,0.063888
3.87,2.219095,-0.004685,-10.248116,0.063888
3.875,2.219095,-0.001168,-6.655151,0.063888
3.88,2.219095,-0.00167,-3.024498,0.064014
3.885,2.219095,-0.009208,0.442839,0.063888
3.89,2.219095,-0.009208,4.111181,0.065019
3.895,2.219095,-0.001168,7.616206,0.063888
3.9,2.219095,-0.009208,9.224246,0.063888
3.905,2.219095,-0.009208,5.467965,0.064516
3.91,2.219095,-0.009208,1.875,0.065019
3.915,2.219095,-0.0077,-1.592337,0.065898
3.92,2.219095,-0.009208,-5.260678,0.062004
3.925,2.219095,-0.009208,-8.92902,0.065898
3.93,2.219095,-0.009208,-9.469221,0.063009
3.935,2.219095,-0.001168,-5.851131,0.063888
3.94,2.219095,-0.008706,-2.220477,0.063888
3.945,2.219095,-0.014736,1.246859,0.063888
3.95,2.236683,-0.009208,5.003141,0.064768
3.955,2.211558,-0.001168,8.545854,0.064265
3.96,2.219095,-0.009208,8.407663,0.063888
3.965,2.219095,-0.009208,4.739322,0.064516
3.97,2.219095,-0.013731,1.184045,0.063888
3.975,2.219095,0.00034,-2.396357,0.065898
3.98,2.216583,-0.009208,-6.064699,0.065898
3.985,2.219095,-0.009208,-9.670226,0.06527
3.99,2.196482,-0.009208,-8.665201,0.064768
3.995,2.219095,-0.002675,-5.047111,0.063888
4,2.219095,-0.009208,-1.228015,0.065898
4.005,2.219095,-0.009208,2.18907,0.06527
4.01,2.219095,-0.009208,5.719221,0.063888
4.015,2.219095,-0.001168,9.387563,0.064265
4.02,2.219095,-0.009208,7.402638,0.063888
4.025,2.219095,-0.009208,3.797111,0.06728
4.03,2.219095,-0.001168,0.26696,0.065019
4.035,2.219095,-0.001168,-3.238065,0.065521
4.04,2.219095,-0.00167,-6.868719,0.064014
4.045,2.219095,-0.009208,-10.53706,0.063888
4.05,2.219095,-0.009208,-7.748116,0.064768
4.055,2.219095,-0.001168,-4.042085,0.065521
4.06,2.219095,-0.009208,-0.612437,0.064014
4.065,2.219095,-0.009208,3.055905,0.063888
4.07,2.241708,-0.009208,6.724246,0.063888
4.075,2.219095,-0.001168,10.229271,0.062255
4.08,2.219095,-0.00167,6.611181,0.065773
4.085,2.219095,-0.009208,2.8549,0.063888
4.09,2.219095,-0.012726,-0.625,0.064768
4.095,2.219095,0.005365,-4.205402,0.063888
4.1,2.219095,-0.009208,-7.861181,0.063888
4.105,2.219095,-0.009208,-10.474246,0.064516
4.11,2.219095,-0.009208,-6.944096,0.064768
4.115,2.219095,-0.001168,-3.238065,0.065521
4.12,2.219095,-0.009208,0.380025,0.064014
4.125,2.219095,-0.009208,3.797111,0.06527
4.13,2.219095,-0.013731,7.415201,0.063888
4.135,2.219095,-0.001168,9.425251,0.064265
4.14,2.219095,-0.009208,5.794598,0.064014
4.145,2.219095,-0.017248,2.126256,0.064516
4.15,2.219095,-0.009208,-1.42902,0.065019
4.155,2.219095,0.005365,-5.047111,0.065521
4.16,2.219095,-0.009208,-8.665201,0.065898
4.165,2.219095,-0.011721,-9.670226,0.063888
4.17,2.201507,-0.009208,-6.052136,0.063888
4.175,2.219095,0.005365,-2.471734,0.065521
4.18,2.216583,-0.009208,0.995603,0.062129
4.185,2.219095,-0.014736,4.802136,0.063888
4.19,2.219095,-0.009208,8.219221,0.065019
4.195,2.219095,-0.001168,8.457915,0.063511
4.2,2.219095,-0.009208,4.789573,0.064014
4.205,2.219095,-0.009208,1.322236,0.064516
4.21,2.219095,-0.009208,-2.145101,0.063888
4.215,2.219095,0.005365,-5.813442,0.064265
4.22,2.219095,-0.009208,-9.481784,0.064014
4.225,2.219095,-0.009208,-8.866206,0.063888
4.23,2.219095,-0.009208,-5.13505,0.063888
4.235,2.219095,-0.001168,-1.630025,0.065521
4.24,2.219095,-0.009208,1.988065,0.065773
4.245,2.219095,-0.011721,5.467965,0.064516
4.25,2.219095,-0.009208,9.136307,0.065019
4.255,2.219095,-0.001168,7.653895,0.063888
4.26,2.219095,-0.001168,3.985553,0.065647
4.265,2.219095,-0.011721,0.380025,0.06527
4.27,2.219095,-0.00569,-3.150126,0.064768
4.275,2.219095,-0.001168,-6.617462,0.064265
4.28,2.219095,-0.008706,-10.285804,0.065898
4.285,2.219095,-0.014736,-7.861181,0.063888
4.29,2.219095,-0.004685,-4.444096,0.063888
4.295,2.219095,0.005365,-0.826005,0.065898
4.3,2.181407,-0.009208,2.804648,0.064139
4.305,2.219095,-0.006193,6.47299,0.063888
4.31,2.219095,-0.009208,10.028266,0.065019
4.315,2.219095,-0.002675,6.812186,0.063888
4.32,2.219095,-0.008706,3.382538,0.064014
4.325,2.219095,-0.014736,-0.423995,0.06527
4.33,2.219095,-0.009208,-3.954146,0.063888
4.335,2.219095,-0.001168,-7.622487,0.063888
4.34,2.219095,-0.00167,-10.675251,0.064014
4.345,2.219095,-0.011721,-6.994347,0.06527
4.35,2.219095,-0.009208,-3.52701,0.063888
4.355,2.219095,-0.001168,0.103643,0.063888
4.36,2.219095,-0.009208,3.608668,0.065773
4.365,2.219095,-0.017248,7.27701,0.064516
4.37,2.219095,-0.009208,9.601131,0.065898
4.375,2.219095,-0.001168,6.008166,0.063888
4.38,2.219095,-0.008706,2.377513,0.064014
4.385,2.219095,-0.009208,-1.228015,0.063888
4.39,2.219095,-0.009208,-4.846106,0.065898
4.395,2.219095,-0.001168,-8.263191,0.065521
4.4,2.219095,-0.008706,-9.858668,0.065898
4.405,2.219095,-0.014736,-6.391332,0.06527
4.41,2.219095,-0.009208,-2.63505,0.065019
4.415,2.219095,-0.001168,0.945352,0.063888
4.42,2.219095,-0.009208,4.601131,0.064014
4.425,2.219095,-0.009208,8.219221,0.062506
4.43,2.219095,-0.009208,8.709171,0.065898
4.435,2.219095,0.005365,5.241834,0.065898
4.44,2.219095,-0.001168,1.573492,0.065898
4.445,2.219095,-0.014736,-1.956658,0.065898
4.45,2.219095,-0.009208,-5.562186,0.064768
4.455,2.219095,-0.001168,-9.268216,0.063888
4.46,2.219095,-0.001168,-9.054648,0.065898
4.465,2.206533,-0.009208,-5.386307,0.062506
4.47,2.219095,-0.009208,-1.83103,0.065019
4.475,2.219095,0.005365,1.78706,0.065898
4.48,2.219095,-0.00167,5.405151,0.066024
4.485,2.219095,-0.014736,8.88505,0.06527
4.49,2.219095,-0.00569,7.905151,0.065898
4.495,2.219095,-0.002675,4.236809,0.063888
4.5,2.219095,-0.008706,0.769472,0.065773
4.505,2.219095,-0.009208,-2.836055,0.065898
4.51,2.219095,-0.00569,-6.567211,0.064768
4.515,2.219095,-0.002675,-10.034548,0.064265
4.52,2.219095,-0.009208,-8.062186,0.066024
4.525,2.219095,-0.009208,-4.582286,0.065898
4.53,2.219095,-0.009208,-0.913945,0.065898
4.535,2.219095,-0.002675,2.59108,0.065898
4.54,2.219095,-0.001168,6.209171,0.064014
4.545,2.219095,-0.014736,9.827261,0.065898
4.55,2.219095,-0.013731,7.013191,0.067029
4.555,2.219095,-0.0077,3.432789,0.065898
4.56,-0.072362,-0.008706,-0.047111,0.011627
4.565,-0.1,-0.009208,-3.84108,0.011627
4.57,-0.072362,-0.009208,-7.371231,0.012506
4.575,-0.0799,-0.0077,-10.876256,0.011627
4.58,-0.072362,-0.008706,-7.258166,0.011627
4.585,-0.084925,-0.017248,-3.778266,0.012255
4.59,-0.08995,-0.013731,-0.22299,0.011627
4.595,-0.0799,-0.001168,3.395101,0.011627
4.6,-0.074874,-0.009208,7.025754,0.011627
4.605,-0.059799,-0.014736,9.764447,0.011627
4.61,-0.072362,-0.009208,6.184045,0.011627
4.615,-0.112563,-0.001168,2.427764,0.011627
4.62,-0.072362,-0.008706,-1.02701,0.013511
4.625,-0.072362,-0.009208,-4.645101,0.011627
4.63,-0.072362,-0.012726,-8.175251,0.012506
4.635,-0.072362,0.005365,-10.072236,0.011627
4.64,-0.072362,-0.00167,-6.441583,0.011627
4.645,-0.072362,-0.009208,-2.974246,0.012255
4.65,-0.072362,-0.008203,0.694095,0.011627
4.655,-0.105025,-0.001168,4.362437,0.012883
4.66,-0.11005,-0.009208,8.005653,0.011627
4.665,-0.084925,-0.017248,8.960427,0.013637
4.67,-0.072362,-0.009208,5.292085,0.011627
4.675,-0.0799,-0.001168,1.78706,0.011627
4.68,-0.072362,-0.009208,-1.655151,0.009742
4.685,-0.072362,-0.009208,-5.31093,0.012255
4.69,-0.072362,-0.009208,-9.067211,0.011627
4.695,-0.112563,-0.001168,-9.268216,0.011627
4.7,-0.11005,-0.009208,-5.637563,0.011627
4.705,-0.084925,-0.011721,-2.032035,0.011627
4.71,-0.08995,-0.004685,1.498116,0.011627
4.715,-0.0799,-0.001168,5.166457,0.009994
4.72,-0.11005,-0.008706,8.646357,0.013511
4.725,-0.072362,-0.009208,8.156407,0.011627
4.73,-0.08995,-0.009208,4.400126,0.011376
4.735,-0.0799,-0.001168,0.819724,0.011627
4.74,-0.074874,-0.009208,-2.647613,0.011627
4.745,-0.072362,-0.009208,-6.253141,0.010999
4.75,-0.08995,-0.009208,-9.871231,0.011627
4.755,-0.0799,-0.001168,-8.300879,0.009994
4.76,-0.074874,-0.008706,-4.846106,0.011627
4.765,-0.072362,-0.009208,-1.165201,0.010245
4.77,-0.08995,-0.013731,2.503141,0.011627
4.775,-0.072362,-0.001168,5.970477,0.011627
4.78,-0.072362,-0.008706,9.437814,0.011627
4.785,-0.072362,-0.009208,7.352387,0.010245
4.79,-0.094975,-0.009208,3.596106,0.012506
4.795,-0.072362,-0.001168,0.015704,0.011627
4.8,-0.074874,-0.009208,-3.627513,0.011627
4.805,-0.072362,-0.014736,-7.119975,0.010999
4.81,-0.072362,-0.009208,-10.700377,0.010747
4.815,-0.072362,0.005365,-7.496859,0.011627
4.82,-0.072362,-0.001168,-4.029523,0.009742
4.825,-0.072362,-0.011721,-0.361181,0.011627
4.83,-0.072362,-0.009208,3.106156,0.010747
4.835,-0.072362,-0.001168,6.812186,0.009617
4.84,-0.074874,-0.00167,10.028266,0.011627
4.845,-0.112563,-0.009208,6.410176,0.011627
4.85,-0.072362,-0.009208,2.792085,0.012506
4.855,-0.105025,-0.001168,-0.788317,0.011627
4.86,-0.112563,-0.001168,-4.444096,0.011627
4.865,-0.072362,-0.009208,-7.923995,0.013637
4.87,-0.072362,-0.009208,-10.273241,0.011627
4.875,-0.072362,-0.001168,-6.818467,0.011627
4.88,-0.112563,-0.008706,-3.03706,0.011627
4.885,-0.072362,-0.009208,0.380025,0.011627
4.89,-0.08995,-0.012726,4.111181,0.011627
4.895,-0.112563,-0.001168,7.741834,0.011627
4.9,-0.11005,-0.009208,9.211683,0.011627
4.905,-0.072362,-0.011721,5.606156,0.011627
4.91,-0.072362,-0.009208,2.076005,0.012758
4.915,-0.072362,-0.001168,-1.592337,0.011627
4.92,-0.11005,-0.008706,-5.248116,0.011627
4.925,-0.112563,-0.009208,-8.92902,0.011627
4.93,-0.072362,-0.009208,-9.469221,0.011627
4.935,-0.072362,-0.001168,-5.851131,0.011627
4.94,-0.072362,-0.001168,-2.032035,0.011627
4.945,-0.072362,-0.009208,1.38505,0.012255
4.95,-0.08995,-0.009208,4.915201,0.010747
4.955,-0.072362,-0.0077,8.457915,0.01125
4.96,-0.072362,-0.00167,8.219221,0.011627
4.965,-0.072362,-0.011721,4.739322,0.011627
4.97,-0.094975,-0.00569,0.98304,0.011627
4.975,-0.072362,-0.001168,-2.597362,0.010371
4.98,-0.11005,-0.001168,-6.077261,0.011627
4.985,-0.072362,-0.009208,-9.594849,0.011627
4.99,-0.08995,-0.009208,-8.552136,0.011627
4.995,-0.072362,-0.001168,-5.047111,0.011627
5,-0.072362,-0.009208,-1.228015,0.011627
5.005,-0.084925,-0.009208,2.18907,0.011627
5.01,-0.072362,-0.009208,5.719221,0.012506
5.015,-0.072362,-0.001168,9.387563,0.01125
5.02,-0.072362,-0.00167,7.415201,0.011627
5.025,-0.1,-0.009208,3.872487,0.011627
5.03,-0.112563,-0.009208,0.26696,0.011627
5.035,-0.072362,-0.001168,-3.238065,0.01125
5.04,-0.072362,-0.009208,-7.057161,0.011753
5.045,-0.1,-0.011721,-10.53706,0.010999
5.05,-0.094975,-0.009208,-7.660176,0.011627
5.055,-0.072362,-0.001168,-4.117462,0.011627
5.06,-0.112563,-0.009208,-0.800879,0.011627
5.065,-0.1,-0.009208,2.99309,0.011627
5.07,-0.094975,-0.009208,6.611181,0.012506
5.075,-0.112563,-0.001168,10.229271,0.011627
5.08,-0.11005,-0.00167,6.598618,0.011627
5.085,-0.084925,-0.009208,3.068467,0.011627
5.09,-0.08995,-0.012726,-0.625,0.010747
5.095,-0.0799,-0.001168,-4.205402,0.01326
5.1,-0.11005,-0.009208,-7.672739,0.013511
5.105,-0.072362,-0.009208,-10.612437,0.011627
5.11,-0.072362,-0.009208,-6.743091,0.011627
5.115,-0.112563,0.00034,-3.238065,0.011627
5.12,-0.112563,-0.009208,0.191583,0.011627
5.125,-0.072362,-0.009208,3.797111,0.011627
5.13,-0.072362,-0.009208,7.415201,0.011627
5.135,-0.072362,-0.001168,9.425251,0.011627
5.14,-0.072362,-0.00167,5.794598,0.011627
5.145,-0.084925,-0.009208,2.18907,0.011627
5.15,-0.072362,-0.00569,-1.34108,0.011627
5.155,-0.0799,-0.001168,-5.009422,0.009994
5.16,-0.112563,-0.008706,-8.665201,0.009868
5.165,-0.072362,-0.009208,-9.670226,0.011627
5.17,-0.094975,-0.013731,-5.93907,0.009617
5.175,-0.072362,-0.001168,-2.434045,0.011627
5.18,-0.072362,-0.009208,1.184045,0.009617
5.185,-0.072362,-0.009208,4.663945,0.010999
5.19,-0.072362,-0.009208,8.307161,0.011627
5.195,-0.072362,-0.0077,8.457915,0.011627
5.2,-0.072362,-0.00167,4.802136,0.011627
5.205,-0.1,-0.009208,1.322236,0.010999
5.21,-0.072362,-0.009208,-2.346106,0.012506
5.215,-0.0799,-0.001168,-5.813442,0.01125
5.22,-0.072362,-0.008706,-9.670226,0.013511
5.225,-0.112563,-0.011721,-8.866206,0.011627
5.23,-0.072362,-0.009208,-5.336055,0.012758
5.235,-0.072362,-0.001168,-1.667714,0.01326
5.24,-0.072362,-0.009208,1.988065,0.013511
5.245,-0.072362,-0.009208,5.66897,0.011627
5.25,-0.08995,-0.009208,9.224246,0.011627
5.255,-0.072362,-0.001168,7.616206,0.011627
5.26,-0.074874,-0.009208,3.985553,0.011627
5.265,-0.1,-0.009208,0.442839,0.010999
5.27,-0.094975,-0.009208,-3.150126,0.011627
5.275,-0.072362,-0.002675,-6.818467,0.011627
5.28,-0.072362,-0.009208,-10.285804,0.011627
5.285,-0.072362,-0.009208,-7.999372,0.011627
5.29,-0.072362,-0.009208,-4.444096,0.010496
5.295,-0.072362,-0.001168,-0.826005,0.009994
5.3,-0.112563,-0.009208,2.99309,0.011627
5.305,-0.072362,-0.009208,6.47299,0.012255
5.31,-0.112563,-0.009208,10.028266,0.012506
5.315,-0.072362,-0.001168,6.849874,0.009994
5.32,-0.074874,-0.008706,3.181533,0.011627
5.325,-0.072362,-0.011721,-0.285804,0.013009
5.33,-0.112563,-0.009208,-3.954146,0.011627
5.335,-0.105025,0.005365,-7.622487,0.009994
5.34,-0.072362,-0.009208,-10.675251,0.011627
5.345,-0.1,-0.009208,-7.057161,0.011627
5.35,-0.094975,-0.009208,-3.43907,0.010747
5.355,-0.0799,-0.002675,0.17902,0.011627
5.36,-0.11005,-0.009208,3.797111,0.011501
5.365,-0.072362,-0.014736,7.27701,0.011627
5.37,-0.072362,-0.004685,9.513191,0.011627
5.375,-0.072362,-0.001168,5.844849,0.011627
5.38,-0.072362,-0.009208,2.377513,0.011501
5.385,-0.072362,-0.009208,-1.228015,0.010999
5.39,-0.072362,-0.013731,-4.846106,0.011627
5.395,-0.072362,-0.001168,-8.464196,0.01125
5.4,-0.072362,-0.00167,-9.871231,0.011627
5.405,-0.072362,-0.009208,-6.328518,0.013009
5.41,-0.072362,-0.009208,-2.63505,0.011627
5.415,-0.105025,0.005365,0.782035,0.009994
5.42,-0.072362,-0.009208,4.601131,0.011627
5.425,-0.072362,-0.009208,8.08103,0.011627
5.43,-0.072362,-0.009208,8.621231,0.011627
5.435,-0.105025,-0.002675,5.040829,0.01125
5.44,-0.11005,-0.00167,1.397613,0.011501
5.445,-0.072362,-0.009208,-2.094849,0.011627
5.45,-0.072362,-0.009208,-5.650126,0.010496
5.455,-0.105025,-0.001168,-9.268216,0.012004
5.46,-0.072362,-0.009208,-9.054648,0.011627
5.465,-0.072362,-0.009208,-5.386307,0.011627
5.47,-0.094975,-0.009208,-1.717965,0.011627
5.475,-0.105025,-0.001168,1.749372,0.011627
5.48,-0.074874,-0.00167,5.216709,0.011627
5.485,-0.1,-0.009208,9.023241,0.011627
5.49,-0.112563,-0.009208,7.817211,0.011627
5.495,-0.0799,-0.001168,4.236809,0.01125
5.5,-0.072362,-0.008706,0.58103,0.011627
5.505,-0.072362,-0.014736,-2.836055,0.010999
5.51,-0.072362,-0.009208,-6.366206,0.011627
5.515,-0.072362,-0.001168,-10.072236,0.009994
5.52,-0.072362,-0.00167,-8.062186,0.013386
5.525,-0.1,-0.011721,-4.582286,0.011627
5.53,-0.08995,-0.009208,-0.913945,0.011627
5.535,-0.0799,-0.001168,2.553392,0.01125
5.54,-0.112563,-0.009208,6.209171,0.011627
5.545,-0.072362,-0.009208,9.751885,0.011627
5.55,-0.094975,-0.012726,7.013191,0.011627
5.555,-0.072362,-0.0077,3.395101,0.011627
5.56,-0.072362,-0.009208,-0.034548,0.011627
5.565,-0.072362,-0.009208,-3.84108,0.011627
5.57,-0.072362,-0.009208,-7.371231,0.012506
5.575,-0.0799,0.005365,-10.876256,0.011627
5.58,-0.072362,-0.009208,-7.258166,0.011627
5.585,-0.072362,-0.011721,-3.778266,0.011627
5.59,-0.072362,-0.009208,-0.021985,0.011627
5.595,-0.105025,-0.001168,3.395101,0.011627
5.6,-0.072362,-0.008706,7.025754,0.011627
5.605,-0.072362,-0.009208,9.764447,0.012255
5.61,-0.072362,-0.009208,6.096106,0.010747
5.615,-0.112563,-0.001168,2.427764,0.011627
5.62,-0.072362,-0.009208,-1.02701,0.011627
5.625,-0.072362,-0.009208,-4.645101,0.011627
5.63,-0.072362,-0.009208,-8.175251,0.012506
5.635,-0.072362,-0.001168,-9.946608,0.009994
5.64,-0.072362,-0.009208,-6.454146,0.011627
5.645,-0.072362,-0.014736,-2.836055,0.011627
5.65,-0.072362,-0.013731,0.694095,0.011878
5.655,-0.105025,-0.001168,4.362437,0.011627
5.66,-0.074874,-0.009208,7.829774,0.011627
5.665,-0.072362,-0.017248,9.023241,0.011627
5.67,-0.08995,-0.009208,5.292085,0.011627
5.675,-0.072362,-0.001168,1.824749,0.01125
5.68,-0.11005,-0.008706,-1.83103,0.011627
5.685,-0.084925,-0.011721,-5.449121,0.010999
5.69,-0.08995,-0.009208,-9.067211,0.012506
5.695,-0.105025,-0.001168,-9.305905,0.011627
5.7,-0.11005,-0.00167,-5.449121,0.013511
5.705,-0.1,-0.009208,-1.969221,0.013009
5.71,-0.094975,-0.013731,1.586055,0.012506
5.715,-0.072362,-0.001168,5.166457,0.011627
5.72,-0.072362,-0.009208,8.822236,0.011501
5.725,-0.072362,-0.009208,8.018216,0.013009
5.73,-0.112563,-0.009208,4.488065,0.012758
5.735,-0.072362,0.005365,0.819724,0.010371
5.74,-0.072362,-0.008706,-2.836055,0.011753
5.745,-0.084925,-0.009208,-6.315955,0.011627
5.75,-0.072362,-0.009208,-9.871231,0.010496
5.755,-0.072362,-0.002675,-8.300879,0.011627
5.76,-0.072362,-0.009208,-4.645101,0.011627
5.765,-0.072362,-0.009208,-1.228015,0.011627
5.77,-0.072362,-0.009208,2.390075,0.011627
5.775,-0.0799,-0.001168,5.970477,0.011627
5.78,-0.11005,-0.001168,9.626256,0.011627
5.785,-0.072362,-0.009208,7.214196,0.011627
5.79,-0.112563,-0.009208,3.596106,0.011627
5.795,-0.072362,0.005365,-0.021985,0.012004
5.8,-0.072362,-0.016746,-3.451633,0.013511
5.805,-0.072362,-0.009208,-7.057161,0.011627
5.81,-0.072362,-0.00569,-10.788317,0.011627
5.815,-0.072362,-0.001168,-7.496859,0.013637
5.82,-0.072362,-0.009208,-4.029523,0.011627
5.825,-0.072362,-0.011721,-0.361181,0.011627
5.83,-0.072362,-0.013731,3.307161,0.012758
5.835,-0.072362,-0.001168,6.812186,0.011627
5.84,-0.072362,-0.009208,10.015704,0.011627
5.845,-0.072362,-0.011721,6.410176,0.011627
5.85,-0.072362,-0.009208,2.67902,0.011627
5.855,-0.112563,-0.001168,-0.826005,0.011627
5.86,-0.072362,-0.009208,-4.268216,0.011627
5.865,-0.072362,-0.014736,-7.923995,0.011627
5.87,-0.094975,-0.009208,-10.273241,0.011627
5.875,-0.072362,-0.001168,-6.655151,0.011627
5.88,-0.11005,-0.008706,-3.03706,0.011627
5.885,-0.072362,-0.011721,0.58103,0.011627
5.89,-0.072362,-0.009208,3.998116,0.011627
5.895,-0.105025,-0.002675,7.779523,0.012004
5.9,-0.11005,-0.008706,9.211683,0.011627
5.905,-0.072362,-0.011721,5.543342,0.012255
5.91,-0.049749,-0.009208,1.988065,0.011627
5.915,-0.072362,-0.009208,-1.630025,0.012004
5.92,-0.072362,-0.009208,-5.248116,0.009742
5.925,-0.072362,-0.009208,-8.728015,0.010999
5.93,-0.112563,-0.012726,-9.557161,0.011627
5.935,-0.072362,-0.001168,-5.851131,0.011627
5.94,-0.072362,-0.008706,-2.220477,0.011627
5.945,-0.084925,-0.009208,1.246859,0.011627
5.95,-0.094975,-0.009208,4.915201,0.011627
5.955,-0.072362,-0.001168,8.457915,0.01326
5.96,-0.072362,-0.008706,8.219221,0.013511
5.965,-0.072362,-0.014736,4.739322,0.010245
5.97,-0.072362,-0.009208,1.07098,0.011627
5.975,-0.072362,0.005365,-2.559673,0.01326
5.98,-0.074874,-0.00167,-6.064699,0.009868
5.985,-0.072362,-0.011721,-9.670226,0.011627
5.99,-0.08995,-0.009208,-8.665201,0.011627
5.995,-0.072362,0.00034,-5.047111,0.01326
6,-0.072362,-0.009208,-1.228015,0.009617
6.005,-0.1,-0.009208,2.18907,0.011627
6.01,-0.08995,-0.013731,5.807161,0.012506
6.015,-0.072362,-0.001168,9.387563,0.012004
6.02,-0.11005,-0.00167,7.603643,0.011627
6.025,-0.072362,-0.009208,3.797111,0.012255
6.03,-0.094975,-0.013731,0.17902,0.011627
6.035,-0.105025,-0.001168,-3.401382,0.013637
6.04,-0.11005,-0.009208,-6.868719,0.011627
6.045,-0.084925,-0.011721,-10.53706,0.011627
6.05,-0.112563,-0.013731,-7.861181,0.012758
6.055,-0.105025,-0.001168,-4.079774,0.011627
6.06,-0.11005,-0.001168,-0.612437,0.011627
6.065,-0.084925,-0.011721,3.055905,0.011627
6.07,-0.072362,-0.009208,6.611181,0.012758
6.075,-0.105025,-0.001168,10.229271,0.010371
6.08,-0.112563,-0.008706,6.598618,0.011627
6.085,-0.072362,-0.011721,2.930276,0.011627
6.09,-0.072362,-0.009208,-0.625,0.012758
6.095,-0.105025,-0.001168,-4.042085,0.009994
6.1,-0.11005,-0.009208,-7.861181,0.011627
6.105,-0.072362,-0.011721,-10.474246,0.011627
6.11,-0.08995,-0.009208,-6.944096,0.012758
6.115,-0.072362,0.005365,-3.238065,0.011627
6.12,-0.074874,-0.00167,0.380025,0.011627
6.125,-0.112563,-0.009208,3.859925,0.011627
6.13,-0.094975,-0.009208,7.528266,0.011627
6.135,-0.072362,-0.001168,9.425251,0.011627
6.14,-0.072362,-0.008706,5.606156,0.011753
6.145,-0.112563,-0.009208,1.988065,0.011627
6.15,-0.072362,-0.009208,-1.34108,0.011627
6.155,-0.0799,-0.001168,-5.009422,0.01326
6.16,-0.11005,-0.008706,-8.665201,0.013511
6.165,-0.084925,-0.014736,-9.670226,0.011627
6.17,-0.08995,-0.009208,-5.93907,0.013386
6.175,-0.072362,-0.001168,-2.270729,0.011627
6.18,-0.11005,-0.00167,1.196608,0.011753
6.185,-0.072362,-0.009208,4.663945,0.012255
6.19,-0.072362,-0.009208,8.332287,0.012506
6.195,-0.072362,-0.001168,8.457915,0.012004
6.2,-0.072362,-0.009208,4.802136,0.011627
6.205,-0.072362,-0.014736,1.322236,0.010245
6.21,-0.08995,-0.013731,-2.23304,0.011627
6.215,-0.072362,-0.001168,-5.851131,0.01125
6.22,-0.11005,-0.009208,-9.657663,0.011627
6.225,-0.112563,-0.011721,-8.866206,0.011627
6.23,-0.072362,-0.009208,-5.248116,0.012758
6.235,-0.0799,-0.001168,-1.630025,0.012883
6.24,-0.072362,-0.009208,2.000628,0.009742
6.245,-0.072362,-0.009208,5.606156,0.011627
6.25,-0.072362,-0.00569,9.337312,0.011627
6.255,-0.072362,-0.001168,7.616206,0.011627
6.26,-0.072362,-0.009208,3.998116,0.013637
6.265,-0.084925,-0.009208,0.518216,0.011627
6.27,-0.072362,-0.010213,-3.150126,0.012758
6.275,-0.072362,-0.001168,-6.655151,0.011627
6.28,-0.072362,-0.009208,-10.285804,0.011627
6.285,-0.072362,-0.011721,-7.999372,0.011627
6.29,-0.094975,-0.004685,-4.444096,0.012506
6.295,-0.0799,-0.001168,-0.662688,0.01326
6.3,-0.072362,-0.009208,2.804648,0.011753
6.305,-0.084925,-0.017248,6.410176,0.010999
6.31,-0.094975,-0.009208,10.053392,0.010747
6.315,-0.105025,-0.0077,6.812186,0.009994
6.32,-0.11005,-0.008706,3.181533,0.011627
6.325,-0.072362,-0.011721,-0.486809,0.011627
6.33,-0.094975,-0.009208,-3.954146,0.011627
6.335,-0.105025,-0.001168,-7.622487,0.009617
6.34,-0.11005,-0.00167,-10.675251,0.011627
6.345,-0.1,-0.014736,-7.057161,0.011627
6.35,-0.072362,-0.010213,-3.43907,0.011627
6.355,-0.072362,-0.001168,-0.021985,0.01125
6.36,-0.072362,-0.009208,3.608668,0.011627
6.365,-0.1,-0.009208,7.27701,0.011627
6.37,-0.072362,-0.013731,9.513191,0.011627
6.375,-0.072362,-0.001168,5.844849,0.01326
6.38,-0.11005,-0.008706,2.18907,0.009742
6.385,-0.072362,-0.009208,-1.228015,0.011627
6.39,-0.072362,-0.009208,-4.758166,0.011627
6.395,-0.072362,-0.001168,-8.464196,0.012004
6.4,-0.072362,-0.008706,-9.871231,0.011627
6.405,-0.1,-0.009208,-6.391332,0.013009
6.41,-0.072362,-0.00569,-2.63505,0.011627
6.415,-0.072362,-0.001168,0.945352,0.01326
6.42,-0.072362,-0.009208,4.601131,0.011753
6.425,-0.072362,-0.009208,8.156407,0.011627
6.43,-0.072362,-0.009208,8.709171,0.012758
6.435,-0.072362,-0.001168,5.003141,0.011627
6.44,-0.072362,-0.008706,1.573492,0.013511
6.445,-0.1,-0.009208,-2.032035,0.012255
6.45,-0.072362,-0.009208,-5.562186,0.011627
6.455,-0.072362,-0.001168,-9.431533,0.01326
6.46,-0.074874,-0.009208,-9.054648,0.011627
6.465,-0.112563,-0.00368,-5.449121,0.012255
6.47,-0.072362,-0.00569,-1.83103,0.010747
6.475,-0.105025,-0.001168,1.78706,0.011627
6.48,-0.072362,-0.00167,5.229271,0.011627
6.485,-0.072362,-0.009208,9.023241,0.013009
6.49,-0.072362,-0.009208,7.817211,0.012758
6.495,-0.105025,0.005365,4.199121,0.011627
6.5,-0.112563,-0.008706,0.58103,0.011627
6.505,-0.112563,-0.014736,-2.898869,0.011627
6.51,-0.08995,-0.004685,-6.542085,0.011627
6.515,-0.072362,-0.001168,-10.072236,0.011627
6.52,-0.112563,-0.00167,-8.263191,0.013511
6.525,-0.072362,-0.011721,-4.582286,0.010999
6.53,-0.072362,-0.009208,-0.913945,0.012758
6.535,-0.112563,-0.009208,2.59108,0.012004
6.54,-0.074874,-0.009208,6.221734,0.011627
6.545,-0.072362,-0.009208,9.827261,0.010245
6.55,-0.072362,-0.00569,7.101131,0.011627
6.555,-0.105025,-0.002675,3.432789,0.012004
6.56,-0.072362,-0.001168,-0.22299,0.011753
6.565,-0.072362,-0.009208,-3.702889,0.012255
6.57,-0.094975,-0.009208,-7.459171,0.010496
6.575,-0.072362,-0.009208,-10.876256,0.012004
6.58,-0.072362,-0.008706,-7.245603,0.011627
6.585,-0.1,-0.009208,-3.577261,0.011627
6.59,-0.072362,-0.009208,-0.22299,0.011627
6.595,-0.0799,-0.001168,3.395101,0.011627
6.6,-0.112563,-0.009208,7.013191,0.011627
6.605,-0.084925,-0.011721,9.764447,0.010245
6.61,-0.094975,-0.00569,6.209171,0.012506
6.615,-0.0799,0.00034,2.59108,0.011627
6.62,-0.11005,-0.009208,-1.02701,0.011753
6.625,-0.112563,-0.011721,-4.50691,0.012255
6.63,-0.08995,-0.009208,-8.263191,0.012506
6.635,-0.112563,-0.001168,-10.109925,0.011627
6.64,-0.074874,-0.00167,-6.441583,0.011627
6.645,-0.072362,-0.009208,-2.974246,0.013009
6.65,-0.072362,-0.00569,0.58103,0.011627
6.655,-0.072362,-0.001168,4.362437,0.012004
6.66,-0.072362,-0.009208,7.829774,0.011627
6.665,-0.084925,-0.011721,8.960427,0.011627
6.67,-0.094975,-0.009208,5.317211,0.011627
6.675,-0.072362,-0.001168,1.824749,0.009994
6.68,-0.072362,-0.008706,-1.83103,0.011627
6.685,-0.072362,-0.009208,-5.449121,0.013637
6.69,-0.072362,-0.009208,-8.979271,0.012758
6.695,-0.072362,0.003857,-9.268216,0.011627
6.7,-0.072362,-0.009208,-5.449121,0.013511
6.705,-0.072362,-0.017248,-1.969221,0.010999
6.71,-0.072362,-0.00569,1.498116,0.011627
6.715,-0.072362,-0.001168,5.204146,0.011627
6.72,-0.072362,-0.009208,8.822236,0.011627
6.725,-0.084925,-0.014736,8.156407,0.011627
6.73,-0.072362,-0.009208,4.488065,0.010496
6.735,-0.072362,-0.001168,0.819724,0.011627
6.74,-0.072362,-0.008706,-2.647613,0.011627
6.745,-0.072362,-0.009208,-6.253141,0.011627
6.75,-0.072362,-0.013731,-9.984297,0.011627
6.755,-0.072362,-0.001168,-8.501884,0.011627
6.76,-0.074874,-0.008706,-4.833543,0.011627
6.765,-0.072362,-0.014736,-1.165201,0.010245
6.77,-0.094975,-0.009208,2.390075,0.011627
6.775,-0.072362,-0.001168,5.970477,0.011627
6.78,-0.074874,-0.00167,9.450377,0.011627
6.785,-0.072362,-0.009208,7.352387,0.011627
6.79,-0.072362,-0.009208,3.684045,0.011627
6.795,-0.112563,-0.001168,0.015704,0.011627
6.8,-0.072362,-0.008706,-3.451633,0.009742
6.805,-0.072362,-0.011721,-7.057161,0.011627
6.81,-0.08995,-0.009208,-10.788317,0.010747
6.815,-0.112563,0.006872,-7.660176,0.011627
6.82,-0.074874,-0.009208,-3.84108,0.013511
6.825,-0.072362,-0.009208,-0.361181,0.011627
6.83,-0.094975,-0.009208,3.194096,0.012758
6.835,-0.105025,-0.001168,6.812186,0.01326
6.84,-0.112563,-0.009208,10.015704,0.011627
6.845,-0.1,-0.009208,6.410176,0.011627
6.85,-0.112563,-0.009208,2.792085,0.012758
6.855,-0.0799,-0.001168,-0.826005,0.011627
6.86,-0.074874,-0.009208,-4.255653,0.011627
6.865,-0.084925,-0.009208,-7.923995,0.013009
6.87,-0.072362,-0.009208,-10.361181,0.011627
6.875,-0.105025,-0.009208,-6.692839,0.009994
6.88,-0.072362,-0.001168,-3.024498,0.011501
6.885,-0.072362,-0.014736,0.505653,0.011627
6.89,-0.094975,-0.009208,4.111181,0.011627
6.895,-0.072362,-0.001168,7.616206,0.011627
6.9,-0.072362,-0.016746,9.023241,0.011627
6.905,-0.072362,-0.009208,5.543342,0.010245
6.91,-0.072362,-0.012726,1.875,0.010496
6.915,-0.072362,-0.002675,-1.630025,0.01326
6.92,-0.072362,-0.00167,-5.248116,0.009742
6.925,-0.1,-0.017248,-8.866206,0.011627
6.93,-0.072362,-0.009208,-9.356156,0.010496
6.935,-0.0799,-0.001168,-5.687814,0.011627
6.94,-0.074874,-0.009208,-2.220477,0.011627
6.945,-0.1,-0.009208,1.38505,0.011627
6.95,-0.094975,-0.009208,4.915201,0.011627
6.955,-0.105025,0.005365,8.420226,0.012004
6.96,2.221608,-0.009208,8.206658,0.064014
6.965,2.219095,-0.009208,4.601131,0.065144
6.97,2.219095,-0.009208,1.096106,0.064768
6.975,2.211558,0.00034,-2.559673,0.064642
6.98,2.256784,-0.008706,-6.052136,0.065898
6.985,2.231658,-0.009208,-9.670226,0.06527
6.99,2.196482,-0.009208,-8.552136,0.064768
6.995,2.219095,-0.001168,-4.883794,0.065898
7,2.181407,-0.009208,-1.416457,0.066024
7.005,2.219095,-0.009208,2.18907,0.064516
7.01,2.219095,-0.009208,5.807161,0.065019
7.015,2.219095,0.005365,9.425251,0.065898
7.02,2.219095,-0.00167,7.402638,0.065898
7.025,2.219095,-0.009208,3.935302,0.065898
7.03,2.219095,-0.009208,0.26696,0.064768
7.035,2.219095,-0.001168,-3.238065,0.064265
7.04,2.219095,-0.001168,-6.868719,0.064014
7.045,2.219095,-0.014736,-10.675251,0.064516
7.05,2.219095,-0.00569,-7.748116,0.064768
7.055,2.219095,-0.001168,-4.079774,0.065898
7.06,2.219095,-0.009208,-0.625,0.064014
7.065,2.219095,-0.009208,2.917714,0.064516
7.07,2.219095,-0.009208,6.611181,0.064768
7.075,2.219095,-0.002675,10.065955,0.065898
7.08,2.219095,-0.00167,6.611181,0.065773
7.085,2.219095,-0.011721,3.131281,0.065898
7.09,2.219095,-0.009208,-0.625,0.064768
7.095,2.219095,-0.001168,-4.205402,0.065898
7.1,2.219095,-0.00167,-7.861181,0.064014
7.105,2.219095,-0.014736,-10.474246,0.064516
7.11,2.219095,-0.00569,-6.856156,0.064768
7.115,2.219095,-0.001168,-3.275754,0.065521
7.12,2.221608,-0.009208,0.191583,0.064014
7.125,2.219095,-0.014736,3.797111,0.064516
7.13,2.219095,-0.009208,7.528266,0.065898
7.135,2.219095,-0.001168,9.261935,0.065521
7.14,2.219095,-0.008706,5.606156,0.063888
7.145,2.206533,-0.014736,2.126256,0.063888
7.15,2.219095,-0.00569,-1.542085,0.065019
7.155,2.219095,-0.001168,-5.009422,0.063888
7.16,2.219095,-0.001168,-8.665201,0.063888
7.165,2.219095,-0.009208,-9.607412,0.063134
7.17,2.219095,-0.009208,-6.052136,0.063888
7.175,2.211558,-0.001168,-2.471734,0.065521
7.18,2.219095,-0.008706,1.184045,0.063888
7.185,2.178894,-0.009208,4.802136,0.063888
7.19,2.241708,-0.001168,8.420226,0.065019
7.195,2.219095,-0.001168,8.457915,0.065521
7.2,2.219095,-0.001168,4.802136,0.065898
7.205,2.219095,-0.011721,1.259422,0.063888
7.21,2.219095,-0.004685,-2.23304,0.063888
7.215,2.211558,-0.001168,-5.851131,0.065144
7.22,2.219095,-0.001168,-9.481784,0.063888
7.225,2.219095,-0.009208,-8.803392,0.062506
7.23,2.219095,-0.009208,-5.248116,0.063009
7.235,2.219095,-0.001168,-1.466709,0.063888
7.24,2.219095,-0.009208,2.000628,0.063888
7.245,2.219095,-0.009208,5.66897,0.064516
7.25,2.219095,-0.004685,9.224246,0.065019
7.255,2.219095,-0.001168,7.653895,0.063888
7.26,2.219095,-0.001168,4.173995,0.063888
7.265,2.219095,-0.011721,0.518216,0.063888
7.27,2.219095,-0.013731,-3.03706,0.063888
7.275,2.219095,-0.001168,-6.818467,0.063888
7.28,2.219095,-0.009208,-10.285804,0.063888
7.285,2.219095,-0.009208,-7.798367,0.063888
7.29,2.219095,-0.009208,-4.33103,0.063888
7.295,2.219095,-0.001168,-0.826005,0.063888
7.3,2.219095,-0.009208,2.603643,0.065773
7.305,2.219095,-0.017248,6.410176,0.06326
7.31,2.219095,-0.009208,10.053392,0.064768
7.315,2.219095,0.005365,7.013191,0.063888
7.32,2.219095,-0.00167,2.99309,0.065773
7.325,2.219095,-0.014736,-0.285804,0.063888
7.33,2.219095,-0.009208,-3.954146,0.065019
7.335,2.219095,-0.001168,-7.622487,0.063888
7.34,2.216583,-0.008706,-10.662689,0.063888
7.345,2.219095,-0.009208,-7.195352,0.06527
7.35,2.219095,-0.009208,-3.43907,0.064768
7.355,2.219095,-0.0077,-0.021985,0.063888
7.36,2.219095,-0.00167,3.608668,0.063888
7.365,2.219095,-0.009208,7.27701,0.063888
7.37,2.219095,-0.009208,9.513191,0.062758
7.375,2.186432,-0.001168,5.844849,0.063511
7.38,2.219095,-0.008706,2.18907,0.062004
7.385,2.219095,-0.009208,-1.228015,0.061878
7.39,2.219095,-0.009208,-4.758166,0.063888
7.395,2.219095,-0.0077,-8.627513,0.063888
7.4,2.221608,-0.009208,-9.871231,0.062004
7.405,2.219095,-0.009208,-6.253141,0.063888
7.41,2.219095,-0.009208,-2.521985,0.062758
7.415,2.219095,-0.001168,0.945352,0.062255
7.42,2.219095,-0.009208,4.601131,0.063888
7.425,2.219095,-0.009208,8.08103,0.06326
7.43,2.219095,-0.009208,8.709171,0.063637
7.435,2.219095,-0.001168,5.040829,0.062255
7.44,2.219095,-0.008706,1.573492,0.063888
7.445,2.219095,-0.011721,-2.094849,0.062506
7.45,2.219095,-0.00569,-5.650126,0.061878
7.455,2.219095,-0.001168,-9.268216,0.062255
7.46,2.219095,-0.016746,-9.054648,0.063888
7.465,2.191457,-0.011721,-5.386307,0.061878
7.47,2.219095,-0.009208,-1.717965,0.063009
7.475,2.219095,-0.002675,1.912688,0.062255
7.48,2.219095,-0.008706,5.417714,0.063888
7.485,2.219095,-0.009208,8.88505,0.062506
7.49,2.219095,-0.001168,7.817211,0.063888
7.495,2.219095,0.005365,4.236809,0.061878
7.5,2.219095,-0.001168,0.769472,0.061878
7.505,2.219095,-0.009208,-2.836055,0.062632
7.51,2.224121,-0.009208,-6.567211,0.063009
7.515,2.219095,-0.001168,-10.235553,0.061878
7.52,2.216583,-0.008706,-8.250628,0.062004
7.525,2.219095,-0.009208,-4.582286,0.061878
7.53,2.219095,-0.009208,-0.93907,0.061878
7.535,2.219095,-0.001168,2.59108,0.063888
7.54,2.219095,-0.009208,6.221734,0.063763
7.545,2.219095,-0.011721,9.827261,0.06326
7.55,2.219095,-0.009208,7.013191,0.063009
7.555,2.219095,-0.002675,3.432789,0.060245
7.56,2.219095,-0.009208,-0.235553,0.063888
7.565,2.219095,-0.009208,-3.702889,0.063888
7.57,2.219095,-0.009208,-7.459171,0.062758
7.575,2.219095,-0.001168,-10.876256,0.063511
7.58,2.219095,-0.008706,-7.258166,0.063888
7.585,2.219095,-0.009208,-3.778266,0.06326
7.59,2.219095,-0.009208,-0.109925,0.063888
7.595,2.219095,-0.001168,3.395101,0.062255
7.6,2.219095,-0.009208,7.025754,0.063888
7.605,2.219095,-0.011721,9.626256,0.062506
7.61,2.219095,-0.004685,6.209171,0.061878
7.615,2.251759,0.005365,2.59108,0.063511
7.62,2.219095,-0.008706,-1.02701,0.062004
7.625,2.206533,-0.009208,-4.50691,0.06125
7.63,2.219095,-0.00569,-8.288317,0.061878
7.635,2.219095,-0.001168,-10.072236,0.062255
7.64,2.219095,-0.008706,-6.253141,0.062004
7.645,2.219095,-0.009208,-2.836055,0.06326
7.65,2.219095,-0.001168,0.694095,0.063009
7.655,2.219095,-0.001168,4.362437,0.062255
7.66,2.219095,-0.009208,7.829774,0.061878
7.665,2.219095,-0.009208,8.960427,0.063888
7.67,2.241708,-0.009208,5.204146,0.063009
7.675,2.219095,-0.001168,1.661432,0.063888
7.68,2.219095,-0.009208,-1.843593,0.063888
7.685,2.219095,-0.009208,-5.449121,0.062506
7.69,2.219095,-0.013731,-8.979271,0.063888
7.695,2.219095,-0.001168,-9.268216,0.061878
7.7,2.219095,-0.009208,-5.637563,0.063763
7.705,2.219095,-0.009208,-1.969221,0.061878
7.71,2.219095,-0.009208,1.586055,0.062758
7.715,2.219095,0.005365,5.166457,0.063888
7.72,2.181407,-0.009208,8.633794,0.063888
7.725,2.219095,-0.009208,8.018216,0.062506
7.73,2.201507,-0.001168,4.400126,0.063009
7.735,2.219095,-0.001168,0.782035,0.063888
7.74,2.219095,-0.009208,-2.647613,0.062004
7.745,2.219095,-0.009208,-6.253141,0.063888
7.75,2.219095,-0.009208,-9.984297,0.063888
7.755,2.219095,-0.002675,-8.300879,0.063511
7.76,2.219095,-0.009208,-4.645101,0.061878
7.765,2.219095,-0.011721,-1.02701,0.061878
7.77,2.219095,-0.009208,2.302136,0.062758
7.775,2.219095,-0.001168,5.970477,0.062255
7.78,2.219095,-0.001168,9.626256,0.063763
7.785,2.219095,-0.009208,7.352387,0.061878
7.79,2.219095,-0.009208,3.48304,0.063888
7.795,2.219095,-0.001168,-0.021985,0.062255
7.8,2.219095,-0.009208,-3.640075,0.065647
7.805,2.231658,-0.014736,-7.119975,0.06326
7.81,2.219095,-0.00569,-10.675251,0.061878
7.815,2.219095,0.00034,-7.660176,0.062255
7.82,2.219095,-0.008706,-3.828518,0.062004
7.825,2.219095,-0.009208,-0.361181,0.062506
7.83,2.219095,-0.009208,3.307161,0.061878
7.835,2.219095,-0.001168,6.937814,0.061878
7.84,2.219095,-0.009208,10.015704,0.063888
7.845,2.219095,-0.009208,6.347362,0.063888
7.85,2.219095,-0.009208,2.67902,0.063888
7.855,2.219095,-0.001168,-0.788317,0.061878
7.86,2.219095,-0.009208,-4.456658,0.061878
7.865,2.219095,-0.017248,-7.923995,0.06326
7.87,2.219095,-0.009208,-10.273241,0.063009
7.875,2.219095,-0.001168,-6.692839,0.063888
7.88,2.181407,-0.009208,-3.03706,0.063888
7.885,2.219095,-0.017248,0.442839,0.062506
7.89,2.219095,-0.00569,4.111181,0.063888
7.895,2.251759,-0.001168,7.616206,0.063888
7.9,2.221608,-0.009208,9.211683,0.063763
7.905,2.219095,-0.009208,5.543342,0.063888
7.91,2.219095,-0.009208,1.988065,0.063888
7.915,2.219095,-0.001168,-1.630025,0.063888
7.92,2.219095,-0.008706,-5.260678,0.063888
7.925,2.219095,-0.014736,-8.728015,0.063888
7.93,2.219095,-0.00569,-9.356156,0.062758
7.935,2.219095,-0.001168,-5.851131,0.063888
7.94,2.219095,-0.00167,-2.220477,0.063888
7.945,2.219095,-0.011721,1.246859,0.062506
7.95,2.219095,-0.009208,4.915201,0.063009
7.955,2.219095,-0.009208,8.583543,0.063888
7.96,2.219095,-0.008706,8.219221,0.063888
7.965,2.219095,-0.009208,4.739322,0.06326
7.97,2.219095,-0.00569,1.07098,0.061878
7.975,2.219095,-0.002675,-2.434045,0.063888
7.98,2.219095,-0.009208,-6.064699,0.063763
7.985,2.219095,-0.009208,-9.670226,0.063888
7.99,2.219095,-0.009208,-8.552136,0.063009
7.995,2.219095,-0.001168,-4.883794,0.063511
8,2.219095,-0.009208,-1.228015,0.061878
8.005,2.219095,-0.017248,2.18907,0.062506
8.01,2.219095,-0.009208,5.807161,0.062758
8.015,2.219095,-0.001168,9.387563,0.063888
8.02,2.219095,-0.009208,7.415201,0.063888
8.025,2.219095,-0.014736,3.797111,0.06326
8.03,2.236683,-0.00569,0.26696,0.063888
8.035,2.219095,-0.001168,-3.401382,0.062255
8.04,2.221608,-0.008706,-6.868719,0.064014
8.045,2.219095,-0.011721,-10.53706,0.062506
8.05,2.219095,-0.009208,-7.748116,0.063009
8.055,2.219095,-0.001168,-4.042085,0.063511
8.06,2.219095,-0.009208,-0.612437,0.062004
8.065,2.219095,-0.009208,2.99309,0.06326
8.07,2.219095,-0.009208,6.724246,0.063888
8.075,2.219095,-0.002675,10.229271,0.063511
8.08,2.219095,-0.008706,6.598618,0.061878
8.085,2.219095,-0.009208,2.930276,0.06527
8.09,2.219095,-0.001168,-0.625,0.061878
8.095,2.219095,-0.002675,-4.205402,0.063888
8.1,2.219095,-0.009208,-7.672739,0.063763
8.105,2.219095,-0.006695,-10.411432,0.062506
8.11,2.219095,-0.00569,-6.856156,0.063888
8.115,2.219095,-0.001168,-3.238065,0.063888
8.12,2.219095,-0.009208,0.380025,0.063888
8.125,2.219095,-0.014736,3.859925,0.06326
8.13,2.219095,-0.004685,7.528266,0.063888
8.135,2.219095,-0.001168,9.261935,0.065521
8.14,2.219095,-0.009208,5.807161,0.061878
8.145,2.219095,-0.011721,2.126256,0.061878
8.15,2.219095,-0.009208,-1.42902,0.063888
8.155,2.219095,-0.001168,-5.009422,0.062255
8.16,2.219095,-0.009208,-8.677764,0.063888
8.165,2.219095,-0.009208,-9.808417,0.062506
8.17,2.219095,-0.009208,-6.052136,0.062758
8.175,2.219095,-0.001168,-2.434045,0.063511
8.18,2.219095,-0.009208,1.196608,0.062004
8.185,2.219095,-0.011721,4.663945,0.063888
8.19,2.219095,-0.009208,8.420226,0.063888
8.195,2.219095,-0.0077,8.457915,0.064265
8.2,2.219095,-0.009208,4.802136,0.063888
8.205,2.219095,-0.011721,1.184045,0.063888
8.21,2.219095,-0.009208,-2.23304,0.063009
8.215,2.219095,-0.001168,-5.851131,0.063888
8.22,2.216583,-0.00167,-9.481784,0.062004
8.225,2.206533,-0.011721,-8.803392,0.061878
8.23,2.219095,-0.009208,-5.13505,0.063888
8.235,2.219095,-0.002675,-1.466709,0.063888
8.24,2.219095,-0.00167,2.000628,0.063763
8.245,2.219095,-0.014736,5.467965,0.06326
8.25,2.219095,-0.009208,9.337312,0.062758
8.255,2.219095,-0.002675,7.779523,0.063888
8.26,2.216583,-0.008706,3.985553,0.063888
8.265,2.219095,-0.009208,0.380025,0.062506
8.27,2.219095,-0.009208,-3.150126,0.063888
8.275,2.219095,-0.001168,-6.818467,0.063888
8.28,2.219095,-0.009208,-10.285804,0.062004
8.285,2.191457,-0.009208,-7.999372,0.063888
8.29,2.219095,-0.009208,-4.33103,0.061627
8.295,2.219095,-0.001168,-0.826005,0.063888
8.3,2.219095,-0.008706,2.792085,0.063888
8.305,2.219095,-0.017248,6.410176,0.063888
8.31,2.219095,-0.009208,10.028266,0.063009
8.315,2.219095,-0.001168,6.812186,0.062255
8.32,2.219095,-0.00167,3.181533,0.064014
8.325,2.219095,-0.014736,-0.423995,0.063888
8.33,2.219095,-0.009208,-3.954146,0.063888
8.335,2.219095,-0.0077,-7.622487,0.062255
8.34,2.219095,-0.009208,-10.662689,0.063763
8.345,2.219095,-0.006695,-7.057161,0.063134
8.35,2.196482,-0.012726,-3.552136,0.063888
8.355,2.219095,-0.002675,0.141332,0.063888
8.36,2.219095,-0.008706,3.596106,0.064014
8.365,2.219095,-0.009208,7.214196,0.063888
8.37,2.196482,-0.009208,9.513191,0.063637
8.375,2.219095,-0.001168,6.008166,0.062255
8.38,2.219095,-0.008706,2.18907,0.063888
8.385,2.219095,-0.009208,-1.228015,0.062506
8.39,2.219095,-0.009208,-4.758166,0.063009
8.395,2.219095,-0.001168,-8.426508,0.060622
8.4,2.219095,-0.00167,-9.858668,0.062004
8.405,2.219095,-0.009208,-6.190327,0.06326
8.41,2.219095,-0.00569,-2.72299,0.063888
8.415,2.219095,-0.001168,0.782035,0.063888
8.42,2.219095,-0.009208,4.601131,0.063888
8.425,2.219095,-0.009208,8.08103,0.062506
8.43,2.219095,-0.00569,8.709171,0.065019
8.435,2.219095,-0.001168,5.003141,0.063888
8.44,2.221608,-0.008706,1.38505,0.063888
8.445,2.219095,-0.011721,-2.032035,0.062506
8.45,2.219095,-0.009208,-5.650126,0.063009
8.455,2.219095,-0.001168,-9.268216,0.064265
8.46,2.219095,-0.009208,-8.866206,0.062004
8.465,2.219095,-0.009208,-5.323492,0.061878
8.47,2.219095,-0.009208,-1.83103,0.063888
8.475,2.186432,-0.0077,1.749372,0.063888
8.48,2.219095,-0.009208,5.405151,0.064014
8.485,2.219095,-0.011721,9.086055,0.063888
8.49,2.219095,-0.008203,7.905151,0.063888
8.495,2.186432,-0.0077,4.199121,0.062255
8.5,2.219095,-0.009208,0.58103,0.063888
8.505,2.219095,-0.006695,-2.898869,0.06326
8.51,2.219095,-0.009208,-6.454146,0.063009
8.515,2.219095,-0.0077,-10.072236,0.064265
8.52,2.219095,-0.008706,-8.049623,0.065773
8.525,2.219095,-0.009208,-4.582286,0.06527
8.53,2.219095,-0.009208,-0.913945,0.063888
8.535,2.219095,-0.001168,2.553392,0.063888
8.54,2.221608,-0.009208,6.221734,0.065773
8.545,2.219095,-0.009208,9.890075,0.063888
8.55,2.219095,-0.009208,6.900126,0.063888
8.555,2.219095,-0.001168,3.269472,0.065521
8.56,2.181407,-0.009208,-0.034548,0.063763
8.565,2.219095,-0.009208,-3.84108,0.063888
8.57,2.219095,-0.009208,-7.371231,0.062758
8.575,2.219095,-0.0077,-10.876256,0.063888
8.58,2.216583,-0.009208,-7.434045,0.063888
8.585,2.219095,-0.009208,-3.778266,0.063888
8.59,2.219095,-0.009208,-0.109925,0.061878
8.595,2.219095,-0.001168,3.395101,0.063888
8.6,2.219095,-0.008706,7.013191,0.064014
8.605,2.219095,-0.009208,9.626256,0.063888
8.61,2.219095,-0.009208,6.209171,0.063009
8.615,2.219095,-0.001168,2.465452,0.063888
8.62,2.219095,-0.008706,-1.039573,0.064014
8.625,2.219095,-0.009208,-4.707915,0.063888
8.63,2.196482,-0.009208,-8.263191,0.063888
8.635,2.219095,-0.001168,-10.109925,0.062255
8.64,2.219095,-0.009208,-6.441583,0.063888
8.645,2.219095,-0.011721,-2.697864,0.06326
8.65,2.219095,-0.013731,0.694095,0.062758
8.655,2.219095,-0.001168,4.199121,0.063888
8.66,2.219095,-0.009208,7.829774,0.065647
8.665,2.219095,-0.011721,8.960427,0.06326
8.67,2.219095,-0.009208,5.204146,0.063888
8.675,2.219095,-0.001168,1.623744,0.063888
8.68,2.181407,-0.009208,-1.83103,0.063888
8.685,2.219095,-0.009208,-5.449121,0.063888
8.69,2.219095,-0.009208,-9.092337,0.063888
8.695,2.219095,-0.001168,-9.1049,0.065521
8.7,2.181407,-0.009208,-5.637563,0.061878
8.705,2.219095,-0.009208,-1.83103,0.062506
8.71,2.241708,-0.009208,1.586055,0.063888
8.715,2.219095,-0.002675,5.166457,0.064265
8.72,2.219095,-0.009208,8.822236,0.065773
8.725,2.231658,-0.009208,7.955402,0.063888
8.73,2.219095,-0.009208,4.400126,0.064768
8.735,2.219095,-0.001168,0.656407,0.065521
8.74,2.219095,-0.009711,-2.63505,0.065898
8.745,2.219095,-0.011721,-6.253141,0.063888
8.75,2.219095,-0.004685,-9.984297,0.064768
8.755,2.219095,-0.001168,-8.300879,0.064265
8.76,2.219095,-0.009208,-4.645101,0.064014
8.765,2.219095,-0.012223,-1.165201,0.063888
8.77,2.219095,-0.004685,2.390075,0.063888
8.775,2.219095,-0.001168,5.970477,0.063888
8.78,2.219095,-0.009208,9.638819,0.063888
8.785,2.219095,-0.009208,7.214196,0.063888
8.79,2.219095,-0.001168,3.596106,0.063888
8.795,2.219095,-0.001168,-0.021985,0.065521
8.8,2.219095,-0.008706,-3.451633,0.065773
8.805,2.219095,-0.009208,-7.119975,0.063134
8.81,2.219095,-0.013731,-10.876256,0.063888
8.815,2.219095,-0.001168,-7.459171,0.063888
8.82,2.219095,-0.009208,-3.84108,0.063888
8.825,2.219095,-0.011721,-0.361181,0.06527
8.83,2.236683,-0.00569,3.219221,0.065019
8.835,2.226633,0.003857,6.975503,0.065521
8.84,2.219095,-0.009208,9.827261,0.064014
8.845,2.219095,-0.00368,6.347362,0.063888
8.85,2.196482,-0.009208,2.792085,0.065019
8.855,2.219095,-0.001168,-0.788317,0.064265
8.86,2.219095,-0.001168,-4.444096,0.064014
8.865,2.219095,-0.009208,-8.062186,0.063888
8.87,2.219095,-0.004685,-10.361181,0.065019
8.875,2.251759,-0.001168,-6.529523,0.064265
8.88,2.219095,-0.009208,-3.024498,0.063888
8.885,2.219095,-0.011721,0.58103,0.064516
8.89,2.219095,-0.009208,3.998116,0.064768
8.895,2.219095,-0.001168,7.616206,0.065898
8.9,2.219095,-0.009208,9.023241,0.064014
8.905,2.219095,-0.009208,5.543342,0.065898
8.91,2.219095,-0.004685,1.988065,0.063888
8.915,2.219095,-0.001168,-1.630025,0.065898
8.92,2.219095,-0.009208,-5.260678,0.063888
8.925,2.219095,-0.009208,-8.866206,0.06527
8.93,2.219095,-0.009208,-9.356156,0.064139
8.935,2.219095,-0.001168,-5.687814,0.063888
8.94,2.219095,-0.009208,-2.044598,0.065773
8.945,2.219095,-0.009208,1.38505,0.063888
8.95,2.196482,-0.009208,4.802136,0.063888
8.955,2.219095,-0.001168,8.420226,0.065898
8.96,2.219095,-0.00167,8.219221,0.065773
8.965,2.219095,-0.009208,4.538317,0.064516
8.97,2.219095,-0.009208,0.98304,0.065019
8.975,2.219095,-0.0077,-2.434045,0.063888
8.98,2.219095,-0.009208,-6.064699,0.064014
8.985,2.219095,-0.009208,-9.594849,0.063888
8.99,2.219095,-0.009208,-8.464196,0.064768
8.995,2.219095,-0.001168,-4.883794,0.063888
9,2.219095,-0.009208,-1.240578,0.063888
9.005,2.219095,-0.00368,2.251884,0.063888
9.01,2.219095,-0.00569,5.719221,0.065898
9.015,2.219095,-0.001168,9.425251,0.064265
9.02,2.219095,-0.009208,7.415201,0.063888
9.025,2.219095,-0.009208,3.797111,0.065898
9.03,2.219095,-0.00569,0.26696,0.065019
9.035,2.186432,-0.001168,-3.401382,0.065898
9.04,2.219095,-0.009208,-7.057161,0.064014
9.045,2.206533,-0.011721,-10.53706,0.064516
9.05,2.219095,-0.009208,-7.748116,0.063888
9.055,2.219095,-0.001168,-4.079774,0.064265
9.06,2.219095,-0.008706,-0.612437,0.063888
9.065,2.219095,-0.006695,3.055905,0.064516
9.07,2.236683,-0.009208,6.611181,0.065898
9.075,2.186432,-0.001168,10.191583,0.064265
9.08,2.219095,-0.009208,6.598618,0.064014
9.085,2.219095,-0.009208,2.99309,0.063888
9.09,2.219095,-0.009208,-0.625,0.065019
9.095,2.219095,0.00034,-4.205402,0.065521
9.1,2.219095,-0.009711,-7.672739,0.063888
9.105,2.219095,-0.014736,-10.411432,0.065898
9.11,2.219095,-0.009208,-6.83103,0.064768
9.115,2.219095,-0.009208,-3.275754,0.065898
9.12,2.219095,-0.008706,0.191583,0.065773
9.125,2.219095,-0.009208,3.859925,0.065898
9.13,2.219095,-0.009208,7.528266,0.064768
9.135,2.226633,-0.001168,9.425251,0.065521
9.14,2.219095,-0.00167,5.794598,0.064014
9.145,2.219095,-0.009208,2.264447,0.063888
9.15,2.219095,-0.009208,-1.34108,0.065019
9.155,2.219095,-0.001168,-5.009422,0.065521
9.16,2.219095,-0.00167,-8.489322,0.065773
9.165,2.206533,-0.014736,-9.670226,0.06527
9.17,2.219095,-0.009208,-5.93907,0.065019
9.175,2.219095,-0.002675,-2.434045,0.065898
9.18,2.219095,-0.008706,1.184045,0.065773
9.185,2.219095,-0.009208,4.663945,0.065898
9.19,2.219095,-0.012726,8.332287,0.064768
9.195,2.219095,-0.001168,8.294598,0.065521
9.2,2.219095,-0.009208,4.978015,0.065773
9.205,2.219095,-0.00368,1.259422,0.06527
9.21,2.219095,-0.009208,-2.23304,0.065898
9.215,2.186432,-0.002675,-5.851131,0.065898
9.22,2.219095,-0.009208,-9.481784,0.065773
9.225,2.219095,-0.014736,-8.803392,0.06527
9.23,2.219095,-0.009208,-5.13505,0.065647
9.235,2.219095,-0.001168,-1.466709,0.065898
9.24,2.219095,-0.009208,2.000628,0.065898
9.245,2.219095,-0.011721,5.606156,0.063888
9.25,2.219095,-0.00569,9.224246,0.062758
9.255,2.219095,-0.001168,7.616206,0.063888
9.26,2.219095,-0.00167,3.998116,0.065898
9.265,2.246734,-0.009208,0.380025,0.065898
9.27,2.219095,-0.012726,-3.03706,0.065898
9.275,2.219095,-0.001168,-6.818467,0.065898
9.28,2.219095,-0.00167,-10.474246,0.065898
9.285,2.219095,-0.009208,-7.999372,0.063888
9.29,2.219095,-0.00569,-4.24309,0.063888
9.295,2.186432,-0.001168,-0.662688,0.064265
9.3,2.219095,-0.008706,2.99309,0.065898
9.305,2.219095,-0.009208,6.410176,0.064516
9.31,2.241708,-0.009208,10.141332,0.063888
9.315,2.219095,-0.001168,6.648869,0.064265
9.32,2.181407,-0.009208,3.181533,0.065773
9.325,2.219095,-0.009208,-0.486809,0.064516
9.33,2.219095,-0.009208,-3.954146,0.064768
9.335,2.219095,-0.009208,-7.660176,0.063888
9.34,2.219095,-0.009208,-10.675251,0.065773
9.345,2.219095,-0.011721,-7.057161,0.06527
9.35,2.219095,-0.00569,-3.413945,0.065898
9.355,2.219095,-0.002675,0.141332,0.064265
9.36,2.219095,-0.001168,3.608668,0.065898
9.365,2.219095,-0.009208,7.27701,0.064516
9.37,2.219095,-0.009208,9.513191,0.063888
9.375,2.186432,-0.001168,5.844849,0.063888
9.38,,,,
9.385,,,,
9.39,,,,
9.395,,,,
9.4,,,,
9.405,,,,
9.41,,,,
9.415,,,,
9.42,,,,
9.425,,,,
9.43,,,,
9.435,,,,
9.44,,,,
9.445,,,,
9.45,,,,
9.455,,,,
9.46,,,,
9.465,,,,
9.47,,,,
9.475,,,,
9.48,,,,
9.485,,,,
9.49,,,,
9.495,,,,
9.5,,,,
9.505,,,,
9.51,,,,
9.515,,,,
9.52,,,,
9.525,,,,
9.53,,,,
9.535,,,,
9.54,,,,
9.545,,,,
9.55,,,,
9.555,,,,
9.56,,,,
9.565,,,,
9.57,,,,
9.575,,,,
9.58,,,,
9.585,,,,
9.59,,,,
9.595,,,,
