second,Volt1,Volt2
-40.000E-03,,
-38.250E-03,+22.609E-03,+608.700E-03
-36.500E-03,+22.635E-03,+608.700E-03
-34.750E-03,+22.653E-03,+613.725E-03
-33.000E-03,+22.671E-03,+613.725E-03
-31.250E-03,+22.689E-03,+618.750E-03
-29.500E-03,+22.681E-03,+618.750E-03
-27.750E-03,+22.733E-03,+623.775E-03
-26.000E-03,+22.759E-03,+623.775E-03
-24.250E-03,+22.782E-03,+628.800E-03
-22.500E-03,+22.827E-03,+633.825E-03
-20.750E-03,+22.879E-03,+638.850E-03
-19.000E-03,+22.885E-03,+640.401E-03
-17.250E-03,+22.950E-03,+648.901E-03
-15.500E-03,+23.011E-03,+653.926E-03
-13.750E-03,+23.059E-03,+653.926E-03
-12.000E-03,+23.141E-03,+662.311E-03
-10.250E-03,+23.187E-03,+663.976E-03
-8.500E-03,+23.284E-03,+670.753E-03
-6.750E-03,+23.392E-03,+674.026E-03
-5.000E-03,+23.476E-03,+679.051E-03
-3.250E-03,+23.538E-03,+679.051E-03
-1.500E-03,+23.526E-03,+684.077E-03
+250E-06,+23.531E-03,+686.833E-03
+2.000E-03,+23.466E-03,+689.102E-03
+3.750E-03,+23.432E-03,+689.102E-03
+5.500E-03,+23.359E-03,+694.127E-03
+7.250E-03,+23.346E-03,+694.127E-03
+9.000E-03,+23.287E-03,+694.127E-03
+10.750E-03,+23.217E-03,+699.152E-03
+12.500E-03,+23.213E-03,+699.152E-03
+14.250E-03,+23.183E-03,+704.177E-03
+16.000E-03,+23.159E-03,+704.177E-03
+17.750E-03,+23.172E-03,+709.202E-03
+19.500E-03,+23.164E-03,+709.202E-03
+21.250E-03,+23.136E-03,+714.227E-03
+23.000E-03,+23.136E-03,+719.253E-03
+24.750E-03,+23.149E-03,+724.278E-03
+26.500E-03,+23.145E-03,+729.303E-03
+28.250E-03,+23.174E-03,+729.303E-03
+30.000E-03,+23.132E-03,+734.328E-03
+31.750E-03,+23.132E-03,+742.713E-03
+33.500E-03,+23.143E-03,+744.378E-03
+35.250E-03,+23.148E-03,+749.403E-03
+37.000E-03,+23.161E-03,+754.428E-03
+38.750E-03,+23.186E-03,+759.454E-03
+40.500E-03,+23.197E-03,+759.454E-03
+42.250E-03,+23.204E-03,+759.454E-03
+44.000E-03,+23.219E-03,+764.479E-03
+45.750E-03,+23.219E-03,+769.504E-03
+47.500E-03,+23.240E-03,+769.504E-03
+49.250E-03,+23.261E-03,+769.504E-03
+51.000E-03,+23.285E-03,+774.069E-03
+52.750E-03,+23.293E-03,+774.529E-03
+54.500E-03,+23.305E-03,+774.529E-03
+56.250E-03,+23.341E-03,+774.529E-03
+58.000E-03,+23.368E-03,+779.554E-03
+59.750E-03,+23.361E-03,+779.554E-03
+61.500E-03,+23.387E-03,+779.554E-03
+63.250E-03,+23.400E-03,+784.579E-03
+65.000E-03,+23.422E-03,+784.579E-03
+66.750E-03,+23.419E-03,+789.604E-03
+68.500E-03,+23.446E-03,+794.629E-03
+70.250E-03,+23.484E-03,+794.629E-03
+72.000E-03,+23.501E-03,+799.655E-03
+73.750E-03,+23.498E-03,+800.516E-03
+75.500E-03,+23.559E-03,+804.680E-03
+77.250E-03,+23.570E-03,+809.705E-03
+79.000E-03,+23.589E-03,+814.730E-03
+80.750E-03,+23.601E-03,+819.755E-03
+82.500E-03,+23.626E-03,+819.755E-03
+84.250E-03,+23.628E-03,+824.780E-03
+86.000E-03,+23.644E-03,+829.805E-03
+87.750E-03,+23.614E-03,+834.830E-03
+89.500E-03,+23.644E-03,+836.783E-03
+91.250E-03,+23.689E-03,+839.856E-03
+93.000E-03,+23.677E-03,+844.881E-03
+94.750E-03,+23.687E-03,+844.881E-03
+96.500E-03,+23.686E-03,+849.906E-03
+98.250E-03,+23.694E-03,+849.906E-03
+100.000E-03,+23.702E-03,+852.059E-03
+101.750E-03,+23.736E-03,+854.931E-03
+103.500E-03,+23.739E-03,+854.931E-03
+105.250E-03,+23.727E-03,+859.698E-03
+107.000E-03,+23.729E-03,+859.956E-03
+108.750E-03,+23.760E-03,+863.115E-03
+110.500E-03,+23.759E-03,+864.981E-03
+112.250E-03,+23.798E-03,+870.006E-03
+114.000E-03,+23.798E-03,+870.753E-03
+115.750E-03,+23.814E-03,+875.031E-03
+117.500E-03,+23.825E-03,+880.057E-03
+119.250E-03,+23.798E-03,+885.082E-03
+121.000E-03,+23.815E-03,+887.637E-03
+122.750E-03,+23.881E-03,+895.132E-03
+124.500E-03,+23.857E-03,+896.079E-03
+126.250E-03,+23.840E-03,+900.301E-03
+128.000E-03,+23.840E-03,+905.182E-03
+129.750E-03,+23.865E-03,+913.768E-03
+131.500E-03,+23.876E-03,+915.232E-03
+133.250E-03,+23.890E-03,+920.258E-03
+135.000E-03,+23.896E-03,+920.258E-03
+136.750E-03,+23.918E-03,+925.283E-03
+138.500E-03,+23.928E-03,+925.283E-03
+140.250E-03,+23.953E-03,+930.308E-03
+142.000E-03,+23.960E-03,+930.308E-03
+143.750E-03,+23.980E-03,+930.308E-03
+145.500E-03,+24.010E-03,+935.333E-03
+147.250E-03,+23.993E-03,+935.333E-03
+149.000E-03,+24.028E-03,+935.333E-03
+150.750E-03,+24.066E-03,+940.358E-03
+152.500E-03,+24.099E-03,+940.358E-03
+154.250E-03,+24.103E-03,+945.383E-03
+156.000E-03,+24.141E-03,+950.408E-03
+157.750E-03,+24.143E-03,+950.408E-03
+159.500E-03,+24.154E-03,+950.466E-03
+161.250E-03,+24.177E-03,+959.597E-03
+163.000E-03,+24.179E-03,+960.459E-03
+164.750E-03,+24.204E-03,+965.484E-03
+166.500E-03,+24.212E-03,+960.459E-03
+168.250E-03,+24.194E-03,+959.511E-03
+170.000E-03,+24.166E-03,+955.290E-03
+171.750E-03,+24.166E-03,+950.408E-03
+173.500E-03,+24.145E-03,+950.408E-03
+175.250E-03,+24.165E-03,+945.383E-03
+177.000E-03,+24.146E-03,+940.358E-03
+178.750E-03,+24.109E-03,+940.358E-03
+180.500E-03,+24.118E-03,+935.333E-03
+182.250E-03,+24.093E-03,+935.333E-03
+184.000E-03,+24.085E-03,+935.333E-03
+185.750E-03,+24.071E-03,+935.333E-03
+187.500E-03,+24.048E-03,+930.308E-03
+189.250E-03,+24.022E-03,+930.308E-03
+191.000E-03,+24.039E-03,+925.283E-03
+192.750E-03,+24.028E-03,+925.283E-03
+194.500E-03,+23.993E-03,+920.258E-03
+196.250E-03,+23.962E-03,+920.258E-03
+198.000E-03,+23.965E-03,+915.232E-03
+199.750E-03,+23.957E-03,+910.207E-03
+201.500E-03,+23.905E-03,+909.461E-03
+203.250E-03,+23.902E-03,+900.214E-03
+205.000E-03,+23.836E-03,+900.157E-03
+206.750E-03,+23.857E-03,+895.132E-03
+208.500E-03,+23.827E-03,+887.551E-03
+210.250E-03,+23.832E-03,+885.082E-03
+212.000E-03,+23.777E-03,+879.109E-03
+213.750E-03,+23.765E-03,+875.031E-03
+215.500E-03,+23.741E-03,+870.006E-03
+217.250E-03,+23.756E-03,+866.446E-03
+219.000E-03,+23.741E-03,+864.981E-03
+220.750E-03,+23.724E-03,+863.029E-03
+222.500E-03,+23.670E-03,+859.956E-03
+224.250E-03,+23.677E-03,+859.611E-03
+226.000E-03,+23.665E-03,+854.931E-03
+227.750E-03,+23.645E-03,+854.931E-03
+229.500E-03,+23.671E-03,+849.906E-03
+231.250E-03,+23.653E-03,+849.906E-03
+233.000E-03,+23.639E-03,+849.906E-03
+234.750E-03,+23.636E-03,+844.881E-03
+236.500E-03,+23.589E-03,+844.881E-03
+238.250E-03,+23.594E-03,+839.856E-03
+240.000E-03,+23.606E-03,+834.830E-03
+241.750E-03,+23.563E-03,+834.830E-03
+243.500E-03,+23.559E-03,+829.805E-03
+245.250E-03,+23.540E-03,+824.780E-03
+247.000E-03,+23.539E-03,+819.812E-03
+248.750E-03,+23.576E-03,+815.591E-03
+250.500E-03,+23.563E-03,+814.730E-03
+252.250E-03,+23.570E-03,+809.705E-03
+254.000E-03,+23.526E-03,+804.680E-03
+255.750E-03,+23.553E-03,+799.655E-03
+257.500E-03,+23.563E-03,+799.511E-03
+259.250E-03,+23.540E-03,+794.629E-03
+261.000E-03,+23.538E-03,+791.069E-03
+262.750E-03,+23.513E-03,+786.848E-03
+264.500E-03,+23.543E-03,+784.579E-03
+266.250E-03,+23.541E-03,+784.579E-03
+268.000E-03,+23.513E-03,+779.554E-03
+269.750E-03,+23.516E-03,+779.554E-03
+271.500E-03,+23.516E-03,+779.554E-03
+273.250E-03,+23.508E-03,+774.529E-03
+275.000E-03,+23.486E-03,+774.529E-03
+276.750E-03,+23.463E-03,+774.529E-03
+278.500E-03,+23.450E-03,+773.983E-03
+280.250E-03,+23.414E-03,+769.504E-03
+282.000E-03,+23.448E-03,+769.504E-03
+283.750E-03,+23.454E-03,+769.504E-03
+285.500E-03,+23.431E-03,+764.479E-03
+287.250E-03,+23.399E-03,+762.928E-03
+289.000E-03,+23.404E-03,+759.454E-03
+290.750E-03,+23.388E-03,+754.486E-03
+292.500E-03,+23.390E-03,+754.428E-03
+294.250E-03,+23.409E-03,+746.044E-03
+296.000E-03,+23.394E-03,+744.378E-03
+297.750E-03,+23.388E-03,+739.353E-03
+299.500E-03,+23.390E-03,+734.328E-03
+301.250E-03,+23.375E-03,+729.303E-03
+303.000E-03,+23.364E-03,+729.303E-03
+304.750E-03,+23.366E-03,+724.278E-03
+306.500E-03,+23.344E-03,+721.521E-03
+308.250E-03,+23.330E-03,+714.227E-03
+310.000E-03,+23.325E-03,+709.202E-03
+311.750E-03,+23.326E-03,+704.177E-03
+313.500E-03,+23.325E-03,+704.177E-03
+315.250E-03,+23.334E-03,+699.152E-03
+317.000E-03,+23.322E-03,+699.152E-03
+318.750E-03,+23.325E-03,+699.152E-03
+320.500E-03,+23.325E-03,+694.127E-03
+322.250E-03,+23.354E-03,+694.127E-03
+324.000E-03,+23.349E-03,+694.127E-03
+325.750E-03,+23.342E-03,+689.102E-03
+327.500E-03,+23.329E-03,+689.102E-03
+329.250E-03,+23.338E-03,+684.077E-03
+331.000E-03,+23.345E-03,+684.077E-03
+332.750E-03,+23.409E-03,+683.330E-03
+334.500E-03,+23.425E-03,+679.051E-03
+336.250E-03,+23.438E-03,+674.026E-03
+338.000E-03,+23.471E-03,+669.001E-03
+339.750E-03,+23.513E-03,+663.976E-03
+341.500E-03,+23.543E-03,+662.225E-03
+343.250E-03,+23.586E-03,+658.003E-03
+345.000E-03,+23.664E-03,+648.901E-03
+346.750E-03,+23.687E-03,+643.876E-03
+348.500E-03,+23.756E-03,+638.850E-03
+350.250E-03,+23.779E-03,+638.850E-03
+352.000E-03,+23.822E-03,+633.825E-03
+353.750E-03,+23.768E-03,+628.800E-03
+355.500E-03,+23.713E-03,+623.775E-03
+357.250E-03,+23.601E-03,+623.775E-03
+359.000E-03,+23.497E-03,+618.750E-03
+360.750E-03,+23.420E-03,+615.792E-03
+362.500E-03,+23.343E-03,+613.725E-03
+364.250E-03,+23.268E-03,+613.725E-03
+366.000E-03,+23.243E-03,+608.700E-03
+367.750E-03,+23.161E-03,+608.700E-03
+369.500E-03,+23.114E-03,+608.700E-03
+371.250E-03,+23.033E-03,+603.675E-03
+373.000E-03,+23.005E-03,+603.675E-03
+374.750E-03,+22.974E-03,+598.649E-03
+376.500E-03,+22.933E-03,+598.649E-03
+378.250E-03,+22.898E-03,+593.624E-03
+380.000E-03,+22.860E-03,+589.461E-03
+381.750E-03,+22.826E-03,+588.599E-03
+383.500E-03,+22.803E-03,+583.574E-03
+385.250E-03,+22.797E-03,+578.549E-03
+387.000E-03,+22.775E-03,+573.524E-03
+388.750E-03,+22.772E-03,+568.499E-03
+390.500E-03,+22.756E-03,+568.499E-03
+392.250E-03,+22.734E-03,+559.913E-03
+394.000E-03,+22.715E-03,+558.448E-03
+395.750E-03,+22.679E-03,+553.423E-03
+397.500E-03,+22.684E-03,+548.398E-03
+399.250E-03,+22.682E-03,+548.398E-03
+401.000E-03,+22.658E-03,+543.373E-03
+402.750E-03,+22.650E-03,+539.611E-03
+404.500E-03,+22.644E-03,+538.348E-03
+406.250E-03,+22.652E-03,+538.348E-03
+408.000E-03,+22.621E-03,+533.323E-03
+409.750E-03,+22.656E-03,+533.323E-03
+411.500E-03,+22.607E-03,+533.323E-03
+413.250E-03,+22.596E-03,+533.323E-03
+415.000E-03,+22.613E-03,+530.164E-03
+416.750E-03,+22.628E-03,+528.298E-03
+418.500E-03,+22.622E-03,+528.298E-03
+420.250E-03,+22.657E-03,+528.298E-03
+422.000E-03,+22.646E-03,+523.330E-03
+423.750E-03,+22.634E-03,+523.273E-03
+425.500E-03,+22.659E-03,+519.913E-03
+427.250E-03,+22.653E-03,+518.247E-03
+429.000E-03,+22.655E-03,+516.496E-03
+430.750E-03,+22.690E-03,+512.275E-03
+432.500E-03,+22.709E-03,+503.172E-03
+434.250E-03,+22.706E-03,+503.172E-03
+436.000E-03,+22.725E-03,+494.586E-03
+437.750E-03,+22.759E-03,+493.122E-03
+439.500E-03,+22.792E-03,+486.144E-03
+441.250E-03,+22.822E-03,+483.072E-03
+443.000E-03,+22.849E-03,+478.046E-03
+444.750E-03,+22.896E-03,+473.021E-03
+446.500E-03,+22.935E-03,+467.996E-03
+448.250E-03,+22.998E-03,+462.971E-03
+450.000E-03,+23.059E-03,+462.971E-03
+451.750E-03,+23.115E-03,+461.621E-03
+453.500E-03,+23.201E-03,+457.946E-03
+455.250E-03,+23.249E-03,+457.946E-03
+457.000E-03,+23.339E-03,+452.921E-03
+458.750E-03,+23.413E-03,+452.921E-03
+460.500E-03,+23.487E-03,+450.566E-03
+462.250E-03,+23.579E-03,+447.896E-03
+464.000E-03,+23.682E-03,+447.896E-03
+465.750E-03,+23.789E-03,+442.871E-03
+467.500E-03,+23.880E-03,+442.871E-03
+469.250E-03,+23.991E-03,+437.845E-03
+471.000E-03,+24.053E-03,+437.845E-03
+472.750E-03,+24.104E-03,+432.820E-03
+474.500E-03,+24.059E-03,+427.795E-03
+476.250E-03,+23.940E-03,+422.770E-03
+478.000E-03,+23.795E-03,+413.380E-03
+479.750E-03,+23.666E-03,+412.720E-03
+481.500E-03,+23.486E-03,+407.695E-03
+483.250E-03,+23.330E-03,+402.670E-03
+485.000E-03,+23.193E-03,+397.644E-03
+486.750E-03,+23.062E-03,+397.300E-03
+488.500E-03,+22.964E-03,+392.619E-03
+490.250E-03,+22.882E-03,+387.594E-03
+492.000E-03,+22.780E-03,+384.637E-03
+493.750E-03,+22.725E-03,+382.569E-03
+495.500E-03,+22.671E-03,+377.544E-03
+497.250E-03,+22.605E-03,+377.544E-03
+499.000E-03,+22.535E-03,+372.777E-03
+500.750E-03,+22.451E-03,+372.519E-03
+502.500E-03,+22.409E-03,+372.519E-03
+504.250E-03,+22.340E-03,+367.494E-03
+506.000E-03,+22.286E-03,+367.494E-03
+507.750E-03,+22.232E-03,+366.747E-03
+509.500E-03,+22.182E-03,+362.469E-03
+511.250E-03,+22.161E-03,+362.469E-03
+513.000E-03,+22.135E-03,+357.443E-03
+514.750E-03,+22.081E-03,+352.418E-03
+516.500E-03,+22.039E-03,+350.667E-03
+518.250E-03,+22.016E-03,+347.393E-03
+520.000E-03,+21.955E-03,+342.368E-03
+521.750E-03,+21.957E-03,+337.343E-03
+523.500E-03,+21.925E-03,+337.343E-03
+525.250E-03,+21.893E-03,+327.293E-03
+527.000E-03,+21.852E-03,+322.268E-03
+528.750E-03,+21.820E-03,+322.268E-03
+530.500E-03,+21.804E-03,+317.242E-03
+532.250E-03,+21.768E-03,+312.217E-03
+534.000E-03,+21.748E-03,+307.192E-03
+535.750E-03,+21.747E-03,+307.192E-03
+537.500E-03,+21.715E-03,+302.167E-03
+539.250E-03,+21.660E-03,+302.167E-03
+541.000E-03,+21.616E-03,+297.142E-03
+542.750E-03,+21.630E-03,+297.142E-03
+544.500E-03,+21.629E-03,+292.117E-03
+546.250E-03,+21.604E-03,+292.117E-03
+548.000E-03,+21.559E-03,+292.117E-03
+549.750E-03,+21.541E-03,+287.092E-03
+551.500E-03,+21.553E-03,+287.092E-03
+553.250E-03,+21.541E-03,+282.124E-03
+555.000E-03,+21.520E-03,+282.067E-03
+556.750E-03,+21.537E-03,+277.041E-03
+558.500E-03,+21.516E-03,+277.041E-03
+560.250E-03,+21.508E-03,+272.016E-03
+562.000E-03,+21.493E-03,+266.991E-03
+563.750E-03,+21.503E-03,+266.848E-03
+565.500E-03,+21.480E-03,+261.966E-03
+567.250E-03,+21.478E-03,+256.941E-03
+569.000E-03,+21.496E-03,+249.647E-03
+570.750E-03,+21.465E-03,+246.891E-03
+572.500E-03,+21.443E-03,+241.866E-03
+574.250E-03,+21.452E-03,+236.840E-03
+576.000E-03,+21.441E-03,+236.840E-03
+577.750E-03,+21.465E-03,+231.815E-03
+579.500E-03,+21.440E-03,+226.790E-03
+581.250E-03,+21.421E-03,+221.765E-03
+583.000E-03,+21.409E-03,+221.765E-03
+584.750E-03,+21.417E-03,+216.740E-03
+586.500E-03,+21.428E-03,+216.740E-03
+588.250E-03,+21.413E-03,+216.740E-03
+590.000E-03,+21.411E-03,+211.715E-03
+591.750E-03,+21.415E-03,+211.715E-03
+593.500E-03,+21.403E-03,+211.715E-03
+595.250E-03,+21.406E-03,+206.690E-03
+597.000E-03,+21.403E-03,+206.690E-03
+598.750E-03,+21.415E-03,+206.690E-03
+600.500E-03,+21.415E-03,+203.330E-03
+602.250E-03,+21.409E-03,+201.665E-03
+604.000E-03,+21.407E-03,+196.639E-03
+605.750E-03,+21.392E-03,+196.639E-03
+607.500E-03,+21.402E-03,+191.614E-03
+609.250E-03,+21.415E-03,+186.589E-03
+611.000E-03,+21.395E-03,+183.029E-03
+612.750E-03,+21.383E-03,+178.807E-03
+614.500E-03,+21.385E-03,+176.539E-03
+616.250E-03,+21.368E-03,+171.514E-03
+618.000E-03,+21.378E-03,+171.169E-03
+619.750E-03,+21.403E-03,+161.464E-03
+621.500E-03,+21.390E-03,+157.702E-03
+623.250E-03,+21.372E-03,+156.438E-03
+625.000E-03,+21.385E-03,+151.413E-03
+626.750E-03,+21.381E-03,+146.388E-03
+628.500E-03,+21.401E-03,+146.388E-03
+630.250E-03,+21.403E-03,+141.621E-03
+632.000E-03,+21.410E-03,+141.363E-03
+633.750E-03,+21.398E-03,+138.204E-03
+635.500E-03,+21.396E-03,+136.338E-03
+637.250E-03,+21.440E-03,+136.338E-03
+639.000E-03,+21.426E-03,+131.313E-03
+640.750E-03,+21.415E-03,+131.313E-03
+642.500E-03,+21.428E-03,+127.149E-03
+644.250E-03,+21.419E-03,+126.288E-03
+646.000E-03,+21.415E-03,+126.288E-03
+647.750E-03,+21.440E-03,+121.263E-03
+649.500E-03,+21.438E-03,+120.315E-03
+651.250E-03,+21.491E-03,+116.237E-03
+653.000E-03,+21.467E-03,+111.873E-03
+654.750E-03,+21.514E-03,+111.212E-03
+656.500E-03,+21.517E-03,+106.187E-03
+658.250E-03,+21.538E-03,+101.162E-03
+660.000E-03,+21.585E-03,+96.137E-03
+661.750E-03,+21.603E-03,+91.112E-03
+663.500E-03,+21.629E-03,+86.087E-03
+665.250E-03,+21.663E-03,+81.062E-03
+667.000E-03,+21.694E-03,+76.036E-03
+668.750E-03,+21.767E-03,+71.011E-03
+670.500E-03,+21.833E-03,+65.986E-03
+672.250E-03,+21.905E-03,+65.986E-03
+674.000E-03,+21.918E-03,+60.961E-03
+675.750E-03,+21.903E-03,+56.998E-03
+677.500E-03,+21.834E-03,+55.936E-03
+679.250E-03,+21.769E-03,+55.936E-03
+681.000E-03,+21.692E-03,+50.911E-03
+682.750E-03,+21.638E-03,+50.911E-03
+684.500E-03,+21.566E-03,+50.911E-03
+686.250E-03,+21.530E-03,+50.911E-03
+688.000E-03,+21.478E-03,+45.886E-03
+689.750E-03,+21.453E-03,+45.886E-03
+691.500E-03,+21.440E-03,+44.134E-03
+693.250E-03,+21.413E-03,+40.861E-03
+695.000E-03,+21.403E-03,+35.835E-03
+696.750E-03,+21.392E-03,+35.835E-03
+698.500E-03,+21.369E-03,+30.810E-03
+700.250E-03,+21.346E-03,+25.785E-03
+702.000E-03,+21.348E-03,+20.760E-03
+703.750E-03,+21.337E-03,+19.611E-03
+705.500E-03,+21.338E-03,+15.390E-03
+707.250E-03,+21.290E-03,+5.685E-03
+709.000E-03,+21.308E-03,+5.685E-03
+710.750E-03,+21.287E-03,-4.366E-03
+712.500E-03,+21.297E-03,-6.519E-03
+714.250E-03,+21.293E-03,-9.391E-03
+716.000E-03,+21.313E-03,-14.416E-03
+717.750E-03,+21.303E-03,-19.183E-03
+719.500E-03,+21.312E-03,-19.441E-03
+721.250E-03,+21.299E-03,-19.441E-03
+723.000E-03,+21.302E-03,-24.466E-03
+724.750E-03,+21.328E-03,-24.466E-03
+726.500E-03,+21.290E-03,-29.491E-03
+728.250E-03,+21.289E-03,-29.491E-03
+730.000E-03,+21.290E-03,-29.491E-03
+731.750E-03,+21.294E-03,-34.516E-03
+733.500E-03,+21.289E-03,-34.516E-03
+735.250E-03,+21.319E-03,-34.516E-03
+737.000E-03,+21.292E-03,-39.541E-03
+738.750E-03,+21.314E-03,-39.541E-03
+740.500E-03,+21.311E-03,-44.567E-03
+742.250E-03,+21.302E-03,-44.567E-03
+744.000E-03,+21.294E-03,-49.592E-03
+745.750E-03,+21.322E-03,-51.544E-03
+747.500E-03,+21.302E-03,-55.765E-03
+749.250E-03,+21.316E-03,-59.987E-03
+751.000E-03,+21.315E-03,-64.667E-03
+752.750E-03,+21.340E-03,-73.454E-03
+754.500E-03,+21.327E-03,-74.717E-03
+756.250E-03,+21.352E-03,-79.742E-03
+758.000E-03,+21.362E-03,-84.768E-03
+759.750E-03,+21.366E-03,-84.768E-03
+761.500E-03,+21.353E-03,-89.793E-03
+763.250E-03,+21.340E-03,-89.793E-03
+765.000E-03,+21.340E-03,-94.818E-03
+766.750E-03,+21.365E-03,-99.843E-03
+768.500E-03,+21.378E-03,-99.843E-03
+770.250E-03,+21.354E-03,-104.868E-03
+772.000E-03,+21.390E-03,-104.868E-03
+773.750E-03,+21.390E-03,-104.868E-03
+775.500E-03,+21.390E-03,-109.893E-03
+777.250E-03,+21.415E-03,-109.893E-03
+779.000E-03,+21.440E-03,-109.893E-03
+780.750E-03,+21.430E-03,-114.918E-03
+782.500E-03,+21.441E-03,-114.918E-03
+784.250E-03,+21.451E-03,-119.283E-03
+786.000E-03,+21.469E-03,-119.943E-03
+787.750E-03,+21.471E-03,-122.700E-03
+789.500E-03,+21.501E-03,-124.969E-03
+791.250E-03,+21.513E-03,-129.994E-03
+793.000E-03,+21.516E-03,-129.994E-03
+794.750E-03,+21.515E-03,-135.019E-03
+796.500E-03,+21.509E-03,-140.044E-03
+798.250E-03,+21.508E-03,-145.069E-03
+800.000E-03,+21.553E-03,-150.094E-03
+801.750E-03,+21.532E-03,-155.119E-03
+803.500E-03,+21.555E-03,-165.170E-03
+805.250E-03,+21.578E-03,-165.170E-03
+807.000E-03,+21.566E-03,-170.195E-03
+808.750E-03,+21.596E-03,-170.195E-03
+810.500E-03,+21.597E-03,-175.220E-03
+812.250E-03,+21.628E-03,-180.245E-03
+814.000E-03,+21.618E-03,-180.992E-03
+815.750E-03,+21.654E-03,-185.270E-03
+817.500E-03,+21.639E-03,-185.270E-03
+819.250E-03,+21.666E-03,-190.295E-03
+821.000E-03,+21.704E-03,-190.295E-03
+822.750E-03,+21.683E-03,-190.295E-03
+824.500E-03,+21.704E-03,-195.320E-03
+826.250E-03,+21.692E-03,-195.464E-03
+828.000E-03,+21.704E-03,-200.345E-03
+829.750E-03,+21.726E-03,-205.371E-03
+831.500E-03,+21.756E-03,-205.371E-03
+833.250E-03,+21.747E-03,-210.396E-03
+835.000E-03,+21.757E-03,-210.396E-03
+836.750E-03,+21.780E-03,-215.765E-03
+838.500E-03,+21.793E-03,-220.446E-03
+840.250E-03,+21.808E-03,-229.233E-03
+842.000E-03,+21.822E-03,-230.496E-03
+843.750E-03,+21.841E-03,-235.521E-03
+845.500E-03,+21.833E-03,-240.546E-03
+847.250E-03,+21.841E-03,-245.572E-03
+849.000E-03,+21.879E-03,-250.338E-03
+850.750E-03,+21.840E-03,-254.559E-03
+852.500E-03,+21.875E-03,-255.622E-03
+854.250E-03,+21.854E-03,-260.647E-03
+856.000E-03,+21.849E-03,-262.198E-03
+857.750E-03,+21.844E-03,-265.672E-03
+859.500E-03,+21.855E-03,-265.672E-03
+861.250E-03,+21.876E-03,-270.697E-03
+863.000E-03,+21.888E-03,-270.697E-03
+864.750E-03,+21.899E-03,-275.722E-03
+866.500E-03,+21.897E-03,-275.722E-03
+868.250E-03,+21.920E-03,-280.747E-03
+870.000E-03,+21.942E-03,-280.747E-03
+871.750E-03,+21.945E-03,-285.773E-03
+873.500E-03,+21.972E-03,-285.773E-03
+875.250E-03,+21.993E-03,-290.798E-03
+877.000E-03,+22.006E-03,-295.823E-03
+878.750E-03,+22.024E-03,-300.848E-03
+880.500E-03,+21.981E-03,-300.848E-03
+882.250E-03,+22.067E-03,-305.873E-03
+884.000E-03,+22.078E-03,-310.898E-03
+885.750E-03,+22.096E-03,-313.856E-03
+887.500E-03,+22.112E-03,-318.077E-03
+889.250E-03,+22.128E-03,-320.948E-03
+891.000E-03,+22.134E-03,-325.974E-03
+892.750E-03,+22.182E-03,-325.974E-03
+894.500E-03,+22.184E-03,-330.999E-03
+896.250E-03,+22.205E-03,-336.024E-03
+898.000E-03,+22.213E-03,-338.379E-03
+899.750E-03,+22.244E-03,-341.049E-03
+901.500E-03,+22.257E-03,-341.049E-03
+903.250E-03,+22.270E-03,-346.074E-03
+905.000E-03,+22.332E-03,-346.074E-03
+906.750E-03,+22.320E-03,-351.099E-03
+908.500E-03,+22.326E-03,-351.099E-03
+910.250E-03,+22.345E-03,-351.099E-03
+912.000E-03,+22.357E-03,-356.124E-03
+913.750E-03,+22.407E-03,-356.124E-03
+915.500E-03,+22.395E-03,-356.124E-03
+917.250E-03,+22.420E-03,-361.149E-03
+919.000E-03,+22.458E-03,-363.906E-03
+920.750E-03,+22.493E-03,-366.175E-03
+922.500E-03,+22.511E-03,-367.323E-03
+924.250E-03,+22.520E-03,-371.200E-03
+926.000E-03,+22.555E-03,-376.225E-03
+927.750E-03,+22.596E-03,-381.250E-03
+929.500E-03,+22.598E-03,-386.275E-03
+931.250E-03,+22.602E-03,-388.429E-03
+933.000E-03,+22.637E-03,-392.650E-03
+934.750E-03,+22.634E-03,-396.871E-03
+936.500E-03,+22.635E-03,-406.117E-03
+938.250E-03,+22.709E-03,-406.376E-03
+940.000E-03,+22.712E-03,-411.401E-03
+941.750E-03,+22.697E-03,-413.755E-03
+943.500E-03,+22.734E-03,-416.426E-03
+945.250E-03,+22.758E-03,-421.451E-03
+947.000E-03,+22.784E-03,-426.419E-03
+948.750E-03,+22.805E-03,-426.476E-03
+950.500E-03,+22.814E-03,-426.476E-03
+952.250E-03,+22.835E-03,-431.501E-03
+954.000E-03,+22.839E-03,-431.501E-03
+955.750E-03,+22.875E-03,-432.449E-03
+957.500E-03,+22.910E-03,-436.526E-03
+959.250E-03,+22.909E-03,-436.526E-03
+961.000E-03,+22.919E-03,-441.552E-03
+962.750E-03,+22.955E-03,-441.552E-03
+964.500E-03,+22.948E-03,-446.577E-03
+966.250E-03,+22.973E-03,-447.725E-03
+968.000E-03,+23.021E-03,-451.946E-03
+969.750E-03,+23.034E-03,-456.627E-03
+971.500E-03,+23.020E-03,-461.652E-03
+973.250E-03,+23.038E-03,-466.677E-03
+975.000E-03,+23.074E-03,-469.549E-03
+976.750E-03,+23.089E-03,-471.702E-03
+978.500E-03,+23.113E-03,-477.273E-03
+980.250E-03,+23.124E-03,-481.753E-03
+982.000E-03,+23.149E-03,-485.715E-03
+983.750E-03,+23.152E-03,-491.803E-03
+985.500E-03,+23.174E-03,-496.828E-03
+987.250E-03,+23.174E-03,-501.853E-03
+989.000E-03,+23.210E-03,-501.853E-03
+990.750E-03,+23.249E-03,-506.878E-03
+992.500E-03,+23.233E-03,-506.878E-03
+994.250E-03,+23.237E-03,-506.878E-03
+996.000E-03,+23.256E-03,-509.434E-03
+997.750E-03,+23.287E-03,-511.903E-03
+999.500E-03,+23.300E-03,-511.903E-03
+1.001250E+00,+23.312E-03,-512.047E-03
+1.003000E+00,+23.332E-03,-516.928E-03
+1.004750E+00,+23.355E-03,-516.928E-03
+1.006500E+00,+23.376E-03,-519.685E-03
+1.008250E+00,+23.405E-03,-521.954E-03
+1.010000E+00,+23.413E-03,-523.102E-03
+1.011750E+00,+23.426E-03,-526.979E-03
+1.013500E+00,+23.447E-03,-531.544E-03
+1.015250E+00,+23.476E-03,-532.004E-03
+1.017000E+00,+23.458E-03,-537.029E-03
+1.018750E+00,+23.506E-03,-539.183E-03
+1.020500E+00,+23.529E-03,-543.404E-03
+1.022250E+00,+23.587E-03,-547.625E-03
+1.024000E+00,+23.563E-03,-556.871E-03
+1.025750E+00,+23.596E-03,-557.129E-03
+1.027500E+00,+23.622E-03,-565.313E-03
+1.029250E+00,+23.646E-03,-567.180E-03
+1.031000E+00,+23.693E-03,-572.205E-03
+1.032750E+00,+23.714E-03,-572.951E-03
+1.034500E+00,+23.726E-03,-577.230E-03
+1.036250E+00,+23.741E-03,-582.255E-03
+1.038000E+00,+23.752E-03,-582.255E-03
+1.039750E+00,+23.802E-03,-587.280E-03
+1.041500E+00,+23.798E-03,-587.280E-03
+1.043250E+00,+23.867E-03,-592.305E-03
+1.045000E+00,+23.891E-03,-592.305E-03
+1.046750E+00,+23.910E-03,-597.330E-03
+1.048500E+00,+23.924E-03,-597.330E-03
+1.050250E+00,+23.965E-03,-597.330E-03
+1.052000E+00,+23.978E-03,-602.356E-03
+1.053750E+00,+24.009E-03,-602.356E-03
+1.055500E+00,+24.053E-03,-607.381E-03
+1.057250E+00,+24.076E-03,-612.406E-03
+1.059000E+00,+24.097E-03,-612.406E-03
+1.060750E+00,+24.121E-03,-617.431E-03
+1.062500E+00,+24.154E-03,-622.456E-03
+1.064250E+00,+24.188E-03,-632.506E-03
+1.066000E+00,+24.207E-03,-637.531E-03
+1.067750E+00,+24.192E-03,-637.531E-03
+1.069500E+00,+24.239E-03,-642.557E-03
+1.071250E+00,+24.221E-03,-645.715E-03
+1.073000E+00,+24.267E-03,-652.607E-03
+1.074750E+00,+24.313E-03,-652.607E-03
+1.076500E+00,+24.319E-03,-657.632E-03
+1.078250E+00,+24.317E-03,-657.632E-03
+1.080000E+00,+24.340E-03,-662.657E-03
+1.081750E+00,+24.355E-03,-666.017E-03
+1.083500E+00,+24.374E-03,-667.682E-03
+1.085250E+00,+24.413E-03,-667.682E-03
+1.087000E+00,+24.408E-03,-668.630E-03
+1.088750E+00,+24.431E-03,-672.707E-03
+1.090500E+00,+24.443E-03,-672.707E-03
+1.092250E+00,+24.464E-03,-672.707E-03
+1.094000E+00,+24.474E-03,-677.732E-03
+1.095750E+00,+24.481E-03,-677.732E-03
+1.097500E+00,+24.496E-03,-677.732E-03
+1.099250E+00,+24.507E-03,-682.758E-03
+1.101000E+00,+24.530E-03,-687.783E-03
+1.102750E+00,+24.512E-03,-687.783E-03
+1.104500E+00,+24.536E-03,-692.808E-03
+1.106250E+00,+24.568E-03,-697.833E-03
+1.108000E+00,+24.578E-03,-702.858E-03
+1.109750E+00,+24.584E-03,-707.883E-03
+1.111500E+00,+24.594E-03,-707.883E-03
+1.113250E+00,+24.619E-03,-716.871E-03
+1.115000E+00,+24.649E-03,-717.933E-03
+1.116750E+00,+24.619E-03,-722.959E-03
+1.118500E+00,+24.618E-03,-727.984E-03
+1.120250E+00,+24.656E-03,-727.984E-03
+1.122000E+00,+24.656E-03,-733.009E-03
+1.123750E+00,+24.671E-03,-738.034E-03
+1.125500E+00,+24.698E-03,-743.059E-03
+1.127250E+00,+24.732E-03,-743.059E-03
+1.129000E+00,+24.719E-03,-744.811E-03
+1.130750E+00,+24.747E-03,-748.084E-03
+1.132500E+00,+24.769E-03,-748.084E-03
+1.134250E+00,+24.759E-03,-752.449E-03
+1.136000E+00,+24.820E-03,-753.109E-03
+1.137750E+00,+24.789E-03,-753.109E-03
+1.139500E+00,+24.812E-03,-753.109E-03
+1.141250E+00,+24.838E-03,-758.134E-03
+1.143000E+00,+24.858E-03,-758.134E-03
+1.144750E+00,+24.835E-03,-758.134E-03
+1.146500E+00,+24.892E-03,-761.896E-03
+1.148250E+00,+24.888E-03,-763.160E-03
+1.150000E+00,+24.913E-03,-763.160E-03
+1.151750E+00,+24.914E-03,-768.185E-03
+1.153500E+00,+24.934E-03,-768.730E-03
+1.155250E+00,+24.957E-03,-773.210E-03
+1.157000E+00,+24.958E-03,-777.172E-03
+1.158750E+00,+24.999E-03,-783.260E-03
+1.160500E+00,+24.983E-03,-785.615E-03
+1.162250E+00,+25.012E-03,-788.285E-03
+1.164000E+00,+25.012E-03,-793.310E-03
+1.165750E+00,+25.021E-03,-798.335E-03
+1.167500E+00,+25.069E-03,-803.361E-03
+1.169250E+00,+25.058E-03,-806.720E-03
+1.171000E+00,+25.090E-03,-808.386E-03
+1.172750E+00,+25.084E-03,-813.411E-03
+1.174500E+00,+25.098E-03,-818.436E-03
+1.176250E+00,+25.121E-03,-818.580E-03
+1.178000E+00,+25.135E-03,-823.461E-03
+1.179750E+00,+25.146E-03,-823.461E-03
+1.181500E+00,+25.146E-03,-828.486E-03
+1.183250E+00,+25.167E-03,-828.486E-03
+1.185000E+00,+25.194E-03,-833.511E-03
+1.186750E+00,+25.185E-03,-833.511E-03
+1.188500E+00,+25.211E-03,-833.511E-03
+1.190250E+00,+25.247E-03,-838.536E-03
+1.192000E+00,+25.274E-03,-838.536E-03
+1.193750E+00,+25.290E-03,-843.562E-03
+1.195500E+00,+25.313E-03,-843.562E-03
+1.197250E+00,+25.335E-03,-848.587E-03
+1.199000E+00,+25.322E-03,-848.587E-03
+1.200750E+00,+25.385E-03,-853.612E-03
+1.202500E+00,+25.410E-03,-858.637E-03
+1.204250E+00,+25.435E-03,-863.662E-03
+1.206000E+00,+25.448E-03,-865.213E-03
+1.207750E+00,+25.450E-03,-873.712E-03
+1.209500E+00,+25.486E-03,-878.680E-03
+1.211250E+00,+25.498E-03,-883.763E-03
+1.213000E+00,+25.498E-03,-888.788E-03
+1.214750E+00,+25.536E-03,-891.343E-03
+1.216500E+00,+25.490E-03,-893.813E-03
+1.218250E+00,+25.546E-03,-898.838E-03
+1.220000E+00,+25.523E-03,-903.863E-03
+1.221750E+00,+25.537E-03,-903.863E-03
+1.223500E+00,+25.591E-03,-908.888E-03
+1.225250E+00,+25.568E-03,-908.888E-03
+1.227000E+00,+25.604E-03,-913.913E-03
+1.228750E+00,+25.602E-03,-913.913E-03
+1.230500E+00,+25.646E-03,-918.938E-03
+1.232250E+00,+25.602E-03,-918.938E-03
+1.234000E+00,+25.646E-03,-918.938E-03
+1.235750E+00,+25.651E-03,-923.964E-03
+1.237500E+00,+25.636E-03,-923.964E-03
+1.239250E+00,+25.618E-03,-928.989E-03
+1.241000E+00,+25.657E-03,-929.534E-03
+1.242750E+00,+25.638E-03,-934.014E-03
+1.244500E+00,+25.677E-03,-939.039E-03
+1.246250E+00,+25.690E-03,-942.198E-03
+1.248000E+00,+25.692E-03,-946.735E-03
+1.249750E+00,+25.690E-03,-950.640E-03
+1.251500E+00,+25.701E-03,-954.861E-03
+1.253250E+00,+25.712E-03,-959.139E-03
+1.255000E+00,+25.712E-03,-964.165E-03
+1.256750E+00,+25.691E-03,-969.190E-03
+1.258500E+00,+25.693E-03,-974.215E-03
+1.260250E+00,+25.682E-03,-974.215E-03
+1.262000E+00,+25.674E-03,-979.240E-03
+1.263750E+00,+25.674E-03,-984.265E-03
+1.265500E+00,+25.685E-03,-984.265E-03
+1.267250E+00,+25.658E-03,-989.290E-03
+1.269000E+00,+25.655E-03,-989.290E-03
+1.270750E+00,+25.654E-03,-989.290E-03
+1.272500E+00,+25.656E-03,-994.315E-03
+1.274250E+00,+25.675E-03,-994.315E-03
+1.276000E+00,+25.663E-03,-994.315E-03
+1.277750E+00,+25.665E-03,-994.315E-03
+1.279500E+00,+25.651E-03,-999.340E-03
+1.281250E+00,+25.654E-03,-999.340E-03
+1.283000E+00,+25.692E-03,-1.000690E+00
+1.284750E+00,+25.675E-03,-1.004366E+00
+1.286500E+00,+25.724E-03,-1.004366E+00
+1.288250E+00,+25.719E-03,-1.009391E+00
+1.290000E+00,+25.712E-03,-1.012549E+00
+1.291750E+00,+25.718E-03,-1.014416E+00
+1.293500E+00,+25.724E-03,-1.019441E+00
+1.295250E+00,+25.735E-03,-1.019441E+00
+1.297000E+00,+25.762E-03,-1.024466E+00
+1.298750E+00,+25.749E-03,-1.034516E+00
+1.300500E+00,+25.775E-03,-1.034516E+00
+1.302250E+00,+25.793E-03,-1.042097E+00
+1.304000E+00,+25.825E-03,-1.044567E+00
+1.305750E+00,+25.837E-03,-1.049592E+00
+1.307500E+00,+25.837E-03,-1.049592E+00
+1.309250E+00,+25.873E-03,-1.054617E+00
+1.311000E+00,+25.888E-03,-1.058177E+00
+1.312750E+00,+25.925E-03,-1.059642E+00
+1.314500E+00,+25.925E-03,-1.064667E+00
+1.316250E+00,+25.969E-03,-1.069692E+00
+1.318000E+00,+25.998E-03,-1.069692E+00
+1.319750E+00,+26.047E-03,-1.069692E+00
+1.321500E+00,+26.026E-03,-1.073454E+00
+1.323250E+00,+26.069E-03,-1.074717E+00
+1.325000E+00,+26.098E-03,-1.074717E+00
+1.326750E+00,+26.107E-03,-1.076067E+00
+1.328500E+00,+26.139E-03,-1.079742E+00
+1.330250E+00,+26.150E-03,-1.079742E+00
+1.332000E+00,+26.139E-03,-1.084768E+00
+1.333750E+00,+26.139E-03,-1.087926E+00
+1.335500E+00,+26.165E-03,-1.092147E+00
+1.337250E+00,+26.173E-03,-1.091343E+00
+1.339000E+00,+26.189E-03,-1.095564E+00
+1.340750E+00,+26.239E-03,-1.099843E+00
+1.342500E+00,+26.248E-03,-1.104868E+00
+1.344250E+00,+26.252E-03,-1.109893E+00
+1.346000E+00,+26.290E-03,-1.114918E+00
+1.347750E+00,+26.302E-03,-1.119943E+00
+1.349500E+00,+26.317E-03,-1.124969E+00
+1.351250E+00,+26.328E-03,-1.129994E+00
+1.353000E+00,+26.351E-03,-1.135019E+00
+1.354750E+00,+26.340E-03,-1.138579E+00
+1.356500E+00,+26.366E-03,-1.140044E+00
+1.358250E+00,+26.360E-03,-1.145069E+00
+1.360000E+00,+26.397E-03,-1.145069E+00
+1.361750E+00,+26.378E-03,-1.150094E+00
+1.363500E+00,+26.414E-03,-1.150094E+00
+1.365250E+00,+26.399E-03,-1.155119E+00
+1.367000E+00,+26.388E-03,-1.155119E+00
+1.368750E+00,+26.410E-03,-1.155119E+00
+1.370500E+00,+26.390E-03,-1.160144E+00
+1.372250E+00,+26.412E-03,-1.160144E+00
+1.374000E+00,+26.390E-03,-1.160144E+00
+1.375750E+00,+26.413E-03,-1.165170E+00
+1.377500E+00,+26.378E-03,-1.165170E+00
+1.379250E+00,+26.403E-03,-1.167840E+00
+1.381000E+00,+26.403E-03,-1.170195E+00
+1.382750E+00,+26.390E-03,-1.175220E+00
+1.384500E+00,+26.402E-03,-1.175220E+00
+1.386250E+00,+26.380E-03,-1.180245E+00
+1.388000E+00,+26.407E-03,-1.183605E+00
+1.389750E+00,+26.415E-03,-1.187826E+00
+1.391500E+00,+26.411E-03,-1.190295E+00
+1.393250E+00,+26.425E-03,-1.191243E+00
+1.395000E+00,+26.378E-03,-1.200345E+00
+1.396750E+00,+26.392E-03,-1.200345E+00
+1.398500E+00,+26.381E-03,-1.205371E+00
+1.400250E+00,+26.376E-03,-1.210396E+00
+1.402000E+00,+26.370E-03,-1.215421E+00
+1.403750E+00,+26.352E-03,-1.216569E+00
+1.405500E+00,+26.340E-03,-1.220446E+00
+1.407250E+00,+26.327E-03,-1.225471E+00
+1.409000E+00,+26.327E-03,-1.225471E+00
+1.410750E+00,+26.295E-03,-1.230496E+00
+1.412500E+00,+26.290E-03,-1.230496E+00
+1.414250E+00,+26.271E-03,-1.230496E+00
+1.416000E+00,+26.274E-03,-1.235521E+00
+1.417750E+00,+26.264E-03,-1.235521E+00
+1.419500E+00,+26.252E-03,-1.239484E+00
+1.421250E+00,+26.264E-03,-1.240546E+00
+1.423000E+00,+26.258E-03,-1.245572E+00
+1.424750E+00,+26.261E-03,-1.245572E+00
+1.426500E+00,+26.252E-03,-1.250597E+00
+1.428250E+00,+26.239E-03,-1.250597E+00
+1.430000E+00,+26.229E-03,-1.255622E+00
+1.431750E+00,+26.256E-03,-1.255622E+00
+1.433500E+00,+26.239E-03,-1.263203E+00
+1.435250E+00,+26.231E-03,-1.267424E+00
+1.437000E+00,+26.191E-03,-1.270697E+00
+1.438750E+00,+26.189E-03,-1.280747E+00
+1.440500E+00,+26.177E-03,-1.280747E+00
+1.442250E+00,+26.193E-03,-1.285773E+00
+1.444000E+00,+26.164E-03,-1.293554E+00
+1.445750E+00,+26.197E-03,-1.295823E+00
+1.447500E+00,+26.164E-03,-1.300848E+00
+1.449250E+00,+26.176E-03,-1.305873E+00
+1.451000E+00,+26.164E-03,-1.305873E+00
+1.452750E+00,+26.195E-03,-1.310898E+00
+1.454500E+00,+26.177E-03,-1.310898E+00
+1.456250E+00,+26.214E-03,-1.315923E+00
+1.458000E+00,+26.196E-03,-1.315923E+00
+1.459750E+00,+26.203E-03,-1.320948E+00
+1.461500E+00,+26.202E-03,-1.320948E+00
+1.463250E+00,+26.214E-03,-1.325974E+00
+1.465000E+00,+26.214E-03,-1.325974E+00
+1.466750E+00,+26.183E-03,-1.330999E+00
+1.468500E+00,+26.202E-03,-1.336024E+00
+1.470250E+00,+26.191E-03,-1.336770E+00
+1.472000E+00,+26.164E-03,-1.341049E+00
+1.473750E+00,+26.160E-03,-1.346074E+00
+1.475500E+00,+26.181E-03,-1.351099E+00
+1.477250E+00,+26.164E-03,-1.356124E+00
+1.479000E+00,+26.180E-03,-1.361149E+00
+1.480750E+00,+26.129E-03,-1.362097E+00
+1.482500E+00,+26.152E-03,-1.366318E+00
+1.484250E+00,+26.155E-03,-1.371200E+00
+1.486000E+00,+26.164E-03,-1.376225E+00
+1.487750E+00,+26.178E-03,-1.376225E+00
+1.489500E+00,+26.134E-03,-1.381250E+00
+1.491250E+00,+26.126E-03,-1.382399E+00
+1.493000E+00,+26.104E-03,-1.386275E+00
+1.494750E+00,+26.102E-03,-1.391300E+00
+1.496500E+00,+26.089E-03,-1.391300E+00
+1.498250E+00,+26.099E-03,-1.391300E+00
+1.500000E+00,+26.063E-03,-1.396325E+00
+1.501750E+00,+26.060E-03,-1.396325E+00
+1.503500E+00,+26.062E-03,-1.396325E+00
+1.505250E+00,+26.040E-03,-1.401350E+00
+1.507000E+00,+26.019E-03,-1.401350E+00
+1.508750E+00,+26.018E-03,-1.401350E+00
+1.510500E+00,+26.007E-03,-1.406376E+00
+1.512250E+00,+25.954E-03,-1.406376E+00
+1.514000E+00,+25.927E-03,-1.411401E+00
+1.515750E+00,+25.938E-03,-1.411401E+00
+1.517500E+00,+25.953E-03,-1.415564E+00
+1.519250E+00,+25.909E-03,-1.416426E+00
+1.521000E+00,+25.894E-03,-1.421451E+00
+1.522750E+00,+25.871E-03,-1.426476E+00
+1.524500E+00,+25.850E-03,-1.427424E+00
+1.526250E+00,+25.825E-03,-1.431501E+00
+1.528000E+00,+25.825E-03,-1.436526E+00
+1.529750E+00,+25.850E-03,-1.441551E+00
+1.531500E+00,+25.825E-03,-1.446577E+00
+1.533250E+00,+25.802E-03,-1.448529E+00
+1.535000E+00,+25.781E-03,-1.451602E+00
+1.536750E+00,+25.775E-03,-1.456627E+00
+1.538500E+00,+25.752E-03,-1.456627E+00
+1.540250E+00,+25.784E-03,-1.461652E+00
+1.542000E+00,+25.729E-03,-1.464610E+00
+1.543750E+00,+25.730E-03,-1.466677E+00
+1.545500E+00,+25.703E-03,-1.466677E+00
+1.547250E+00,+25.710E-03,-1.471702E+00
+1.549000E+00,+25.662E-03,-1.471702E+00
+1.550750E+00,+25.659E-03,-1.476727E+00
+1.552500E+00,+25.640E-03,-1.476727E+00
+1.554250E+00,+25.618E-03,-1.481753E+00
+1.556000E+00,+25.586E-03,-1.481753E+00
+1.557750E+00,+25.574E-03,-1.481753E+00
+1.559500E+00,+25.561E-03,-1.486778E+00
+1.561250E+00,+25.574E-03,-1.490941E+00
+1.563000E+00,+25.553E-03,-1.491803E+00
+1.564750E+00,+25.542E-03,-1.496828E+00
+1.566500E+00,+25.506E-03,-1.496828E+00
+1.568250E+00,+25.508E-03,-1.501853E+00
+1.570000E+00,+25.510E-03,-1.506878E+00
+1.571750E+00,+25.496E-03,-1.506878E+00
+1.573500E+00,+25.482E-03,-1.511903E+00
+1.575250E+00,+25.455E-03,-1.516928E+00
+1.577000E+00,+25.453E-03,-1.521954E+00
+1.578750E+00,+25.451E-03,-1.526979E+00
+1.580500E+00,+25.446E-03,-1.532004E+00
+1.582250E+00,+25.470E-03,-1.532004E+00
+1.584000E+00,+25.438E-03,-1.537029E+00
+1.585750E+00,+25.435E-03,-1.542054E+00
+1.587500E+00,+25.410E-03,-1.542054E+00
+1.589250E+00,+25.385E-03,-1.547079E+00
+1.591000E+00,+25.406E-03,-1.547625E+00
+1.592750E+00,+25.409E-03,-1.552104E+00
+1.594500E+00,+25.417E-03,-1.552104E+00
+1.596250E+00,+25.401E-03,-1.557129E+00
+1.598000E+00,+25.416E-03,-1.557129E+00
+1.599750E+00,+25.406E-03,-1.562155E+00
+1.601500E+00,+25.362E-03,-1.567180E+00
+1.603250E+00,+25.360E-03,-1.567180E+00
+1.605000E+00,+25.322E-03,-1.572205E+00
+1.606750E+00,+25.297E-03,-1.575564E+00
+1.608500E+00,+25.247E-03,-1.577230E+00
+1.610250E+00,+25.234E-03,-1.582255E+00
+1.612000E+00,+25.199E-03,-1.583203E+00
+1.613750E+00,+25.159E-03,-1.587424E+00
+1.615500E+00,+25.148E-03,-1.592305E+00
+1.617250E+00,+25.103E-03,-1.597330E+00
+1.619000E+00,+25.064E-03,-1.602356E+00
+1.620750E+00,+25.041E-03,-1.607381E+00
+1.622500E+00,+25.015E-03,-1.612406E+00
+1.624250E+00,+24.968E-03,-1.617086E+00
+1.626000E+00,+24.920E-03,-1.617431E+00
+1.627750E+00,+24.879E-03,-1.622456E+00
+1.629500E+00,+24.847E-03,-1.625414E+00
+1.631250E+00,+24.777E-03,-1.627481E+00
+1.633000E+00,+24.750E-03,-1.632506E+00
+1.634750E+00,+24.757E-03,-1.632506E+00
+1.636500E+00,+24.731E-03,-1.632506E+00
+1.638250E+00,+24.707E-03,-1.637531E+00
+1.640000E+00,+24.677E-03,-1.637531E+00
+1.641750E+00,+24.650E-03,-1.642557E+00
+1.643500E+00,+24.607E-03,-1.647582E+00
+1.645250E+00,+24.613E-03,-1.647582E+00
+1.647000E+00,+24.544E-03,-1.652607E+00
+1.648750E+00,+24.556E-03,-1.657632E+00
+1.650500E+00,+24.522E-03,-1.657632E+00
+1.652250E+00,+24.487E-03,-1.662657E+00
+1.654000E+00,+24.472E-03,-1.667682E+00
+1.655750E+00,+24.461E-03,-1.672707E+00
+1.657500E+00,+24.468E-03,-1.672707E+00
+1.659250E+00,+24.441E-03,-1.677732E+00
+1.661000E+00,+24.418E-03,-1.682758E+00
+1.662750E+00,+24.405E-03,-1.687783E+00
+1.664500E+00,+24.416E-03,-1.687783E+00
+1.666250E+00,+24.405E-03,-1.692808E+00
+1.668000E+00,+24.368E-03,-1.697833E+00
+1.669750E+00,+24.356E-03,-1.697833E+00
+1.671500E+00,+24.327E-03,-1.702858E+00
+1.673250E+00,+24.302E-03,-1.707883E+00
+1.675000E+00,+24.294E-03,-1.707883E+00
+1.676750E+00,+24.254E-03,-1.712908E+00
+1.678500E+00,+24.239E-03,-1.712908E+00
+1.680250E+00,+24.229E-03,-1.717675E+00
+1.682000E+00,+24.204E-03,-1.717933E+00
+1.683750E+00,+24.166E-03,-1.717933E+00
+1.685500E+00,+24.174E-03,-1.720288E+00
+1.687250E+00,+24.163E-03,-1.722959E+00
+1.689000E+00,+24.141E-03,-1.722959E+00
+1.690750E+00,+24.104E-03,-1.727984E+00
+1.692500E+00,+24.066E-03,-1.727984E+00
+1.694250E+00,+24.070E-03,-1.733009E+00
+1.696000E+00,+24.028E-03,-1.733009E+00
+1.697750E+00,+24.032E-03,-1.738034E+00
+1.699500E+00,+24.013E-03,-1.743059E+00
+1.701250E+00,+23.966E-03,-1.748084E+00
+1.703000E+00,+23.915E-03,-1.748084E+00
+1.704750E+00,+23.889E-03,-1.753109E+00
+1.706500E+00,+23.850E-03,-1.763160E+00
+1.708250E+00,+23.830E-03,-1.763160E+00
+1.710000E+00,+23.791E-03,-1.768185E+00
+1.711750E+00,+23.763E-03,-1.773210E+00
+1.713500E+00,+23.739E-03,-1.773210E+00
+1.715250E+00,+23.680E-03,-1.778235E+00
+1.717000E+00,+23.657E-03,-1.778235E+00
+1.718750E+00,+23.635E-03,-1.783260E+00
+1.720500E+00,+23.594E-03,-1.788285E+00
+1.722250E+00,+23.551E-03,-1.788285E+00
+1.724000E+00,+23.526E-03,-1.793310E+00
+1.725750E+00,+23.474E-03,-1.793310E+00
+1.727500E+00,+23.460E-03,-1.793310E+00
+1.729250E+00,+23.413E-03,-1.798335E+00
+1.731000E+00,+23.396E-03,-1.798335E+00
+1.732750E+00,+23.348E-03,-1.799082E+00
+1.734500E+00,+23.275E-03,-1.803361E+00
+1.736250E+00,+23.252E-03,-1.803361E+00
+1.738000E+00,+23.228E-03,-1.803361E+00
+1.739750E+00,+23.174E-03,-1.808386E+00
+1.741500E+00,+23.165E-03,-1.808386E+00
+1.743250E+00,+23.132E-03,-1.813411E+00
+1.745000E+00,+23.074E-03,-1.818436E+00
+1.746750E+00,+23.048E-03,-1.822801E+00
+1.748500E+00,+23.045E-03,-1.823461E+00
+1.750250E+00,+23.028E-03,-1.828486E+00
+1.752000E+00,+22.986E-03,-1.833511E+00
+1.753750E+00,+22.951E-03,-1.838536E+00
+1.755500E+00,+22.934E-03,-1.843562E+00
+1.757250E+00,+22.862E-03,-1.843562E+00
+1.759000E+00,+22.847E-03,-1.848587E+00
+1.760750E+00,+22.795E-03,-1.853612E+00
+1.762500E+00,+22.738E-03,-1.858637E+00
+1.764250E+00,+22.703E-03,-1.862312E+00
+1.766000E+00,+22.673E-03,-1.863662E+00
+1.767750E+00,+22.598E-03,-1.868687E+00
+1.769500E+00,+22.576E-03,-1.868687E+00
+1.771250E+00,+22.576E-03,-1.873712E+00
+1.773000E+00,+22.527E-03,-1.873712E+00
+1.774750E+00,+22.487E-03,-1.873712E+00
+1.776500E+00,+22.456E-03,-1.878737E+00
+1.778250E+00,+22.470E-03,-1.878737E+00
+1.780000E+00,+22.393E-03,-1.878737E+00
+1.781750E+00,+22.370E-03,-1.882097E+00
+1.783500E+00,+22.339E-03,-1.883763E+00
+1.785250E+00,+22.312E-03,-1.885514E+00
+1.787000E+00,+22.259E-03,-1.888788E+00
+1.788750E+00,+22.268E-03,-1.888788E+00
+1.790500E+00,+22.212E-03,-1.893813E+00
+1.792250E+00,+22.201E-03,-1.893813E+00
+1.794000E+00,+22.155E-03,-1.898838E+00
+1.795750E+00,+22.128E-03,-1.903863E+00
+1.797500E+00,+22.078E-03,-1.908888E+00
+1.799250E+00,+22.044E-03,-1.913913E+00
+1.801000E+00,+22.032E-03,-1.918479E+00
+1.802750E+00,+21.993E-03,-1.918938E+00
+1.804500E+00,+21.961E-03,-1.926031E+00
+1.806250E+00,+21.925E-03,-1.931142E+00
+1.808000E+00,+21.889E-03,-1.934014E+00
+1.809750E+00,+21.880E-03,-1.939039E+00
+1.811500E+00,+21.830E-03,-1.943806E+00
+1.813250E+00,+21.810E-03,-1.944064E+00
+1.815000E+00,+21.780E-03,-1.949089E+00
+1.816750E+00,+21.742E-03,-1.949089E+00
+1.818500E+00,+21.645E-03,-1.954114E+00
+1.820250E+00,+21.614E-03,-1.954114E+00
+1.822000E+00,+21.566E-03,-1.954114E+00
+1.823750E+00,+21.520E-03,-1.959139E+00
+1.825500E+00,+21.491E-03,-1.964165E+00
+1.827250E+00,+21.422E-03,-1.964165E+00
+1.829000E+00,+21.415E-03,-1.969190E+00
+1.830750E+00,+21.330E-03,-1.969190E+00
+1.832500E+00,+21.327E-03,-1.974215E+00
+1.834250E+00,+21.305E-03,-1.974215E+00
+1.836000E+00,+21.290E-03,-1.977775E+00
+1.837750E+00,+21.241E-03,-1.979240E+00
+1.839500E+00,+21.174E-03,-1.984265E+00
+1.841250E+00,+21.139E-03,-1.989290E+00
+1.843000E+00,+21.099E-03,-1.994315E+00
+1.844750E+00,+21.042E-03,-1.998881E+00
+1.846500E+00,+21.013E-03,-2.003102E+00
+1.848250E+00,+20.988E-03,-2.004366E+00
+1.850000E+00,+20.943E-03,-2.009391E+00
+1.851750E+00,+20.894E-03,-2.009391E+00
+1.853500E+00,+20.870E-03,-2.014416E+00
+1.855250E+00,+20.851E-03,-2.019183E+00
+1.857000E+00,+20.805E-03,-2.019441E+00
+1.858750E+00,+20.757E-03,-2.024466E+00
+1.860500E+00,+20.750E-03,-2.024466E+00
+1.862250E+00,+20.679E-03,-2.029491E+00
+1.864000E+00,+20.620E-03,-2.029491E+00
+1.865750E+00,+20.636E-03,-2.029491E+00
+1.867500E+00,+20.571E-03,-2.034516E+00
+1.869250E+00,+20.519E-03,-2.034516E+00
+1.871000E+00,+20.454E-03,-2.039541E+00
+1.872750E+00,+20.415E-03,-2.039541E+00
+1.874500E+00,+20.373E-03,-2.039541E+00
+1.876250E+00,+20.359E-03,-2.044567E+00
+1.878000E+00,+20.336E-03,-2.044567E+00
+1.879750E+00,+20.281E-03,-2.049592E+00
+1.881500E+00,+20.247E-03,-2.049592E+00
+1.883250E+00,+20.189E-03,-2.054617E+00
+1.885000E+00,+20.146E-03,-2.054617E+00
+1.886750E+00,+20.120E-03,-2.059642E+00
+1.888500E+00,+20.084E-03,-2.059642E+00
+1.890250E+00,+20.071E-03,-2.064667E+00
+1.892000E+00,+20.041E-03,-2.069692E+00
+1.893750E+00,+19.979E-03,-2.074717E+00
+1.895500E+00,+19.949E-03,-2.074717E+00
+1.897250E+00,+19.919E-03,-2.079742E+00
+1.899000E+00,+19.883E-03,-2.079742E+00
+1.900750E+00,+19.825E-03,-2.084768E+00
+1.902500E+00,+19.787E-03,-2.089793E+00
+1.904250E+00,+19.751E-03,-2.094818E+00
+1.906000E+00,+19.698E-03,-2.099843E+00
+1.907750E+00,+19.680E-03,-2.099843E+00
+1.909500E+00,+19.669E-03,-2.104868E+00
+1.911250E+00,+19.642E-03,-2.104868E+00
+1.913000E+00,+19.573E-03,-2.108228E+00
+1.914750E+00,+19.543E-03,-2.109893E+00
+1.916500E+00,+19.489E-03,-2.111645E+00
+1.918250E+00,+19.468E-03,-2.114918E+00
+1.920000E+00,+19.468E-03,-2.114918E+00
+1.921750E+00,+19.441E-03,-2.114918E+00
+1.923500E+00,+19.346E-03,-2.119943E+00
+1.925250E+00,+19.317E-03,-2.119943E+00
+1.927000E+00,+19.292E-03,-2.124969E+00
+1.928750E+00,+19.274E-03,-2.124969E+00
+1.930500E+00,+19.254E-03,-2.129994E+00
+1.932250E+00,+19.229E-03,-2.134559E+00
+1.934000E+00,+19.188E-03,-2.135019E+00
+1.935750E+00,+19.159E-03,-2.135019E+00
+1.937500E+00,+19.084E-03,-2.140044E+00
+1.939250E+00,+19.073E-03,-2.145069E+00
+1.941000E+00,+19.051E-03,-2.145615E+00
+1.942750E+00,+19.015E-03,-2.154861E+00
+1.944500E+00,+18.940E-03,-2.155119E+00
+1.946250E+00,+18.903E-03,-2.160144E+00
+1.948000E+00,+18.871E-03,-2.165170E+00
+1.949750E+00,+18.853E-03,-2.166720E+00
+1.951500E+00,+18.824E-03,-2.170195E+00
+1.953250E+00,+18.815E-03,-2.175220E+00
+1.955000E+00,+18.750E-03,-2.175220E+00
+1.956750E+00,+18.727E-03,-2.180245E+00
+1.958500E+00,+18.695E-03,-2.185270E+00
+1.960250E+00,+18.643E-03,-2.185270E+00
+1.962000E+00,+18.614E-03,-2.190295E+00
+1.963750E+00,+18.564E-03,-2.190295E+00
+1.965500E+00,+18.517E-03,-2.195320E+00
+1.967250E+00,+18.513E-03,-2.195320E+00
+1.969000E+00,+18.464E-03,-2.195320E+00
+1.970750E+00,+18.455E-03,-2.200345E+00
+1.972500E+00,+18.429E-03,-2.200345E+00
+1.974250E+00,+18.411E-03,-2.205371E+00
+1.976000E+00,+18.390E-03,-2.205371E+00
+1.977750E+00,+18.315E-03,-2.210396E+00
+1.979500E+00,+18.287E-03,-2.213353E+00
+1.981250E+00,+18.264E-03,-2.215421E+00
+1.983000E+00,+18.203E-03,-2.220446E+00
+1.984750E+00,+18.174E-03,-2.225471E+00
+1.986500E+00,+18.148E-03,-2.230496E+00
+1.988250E+00,+18.136E-03,-2.230496E+00
+1.990000E+00,+18.091E-03,-2.235521E+00
+1.991750E+00,+18.062E-03,-2.240546E+00
+1.993500E+00,+18.032E-03,-2.245572E+00
+1.995250E+00,+18.009E-03,-2.250597E+00
+1.997000E+00,+17.998E-03,-2.255564E+00
+1.998750E+00,+17.925E-03,-2.255622E+00
+2.000500E+00,+17.914E-03,-2.260647E+00
+2.002250E+00,+17.891E-03,-2.265672E+00
+2.004000E+00,+17.872E-03,-2.270697E+00
+2.005750E+00,+17.855E-03,-2.270697E+00
+2.007500E+00,+17.822E-03,-2.275722E+00
+2.009250E+00,+17.795E-03,-2.275722E+00
+2.011000E+00,+17.734E-03,-2.279283E+00
+2.012750E+00,+17.721E-03,-2.280747E+00
+2.014500E+00,+17.689E-03,-2.285773E+00
+2.016250E+00,+17.684E-03,-2.285773E+00
+2.018000E+00,+17.634E-03,-2.290798E+00
+2.019750E+00,+17.611E-03,-2.290798E+00
+2.021500E+00,+17.580E-03,-2.295823E+00
+2.023250E+00,+17.581E-03,-2.295823E+00
+2.025000E+00,+17.578E-03,-2.300848E+00
+2.026750E+00,+17.555E-03,-2.305873E+00
+2.028500E+00,+17.519E-03,-2.310898E+00
+2.030250E+00,+17.509E-03,-2.310898E+00
+2.032000E+00,+17.468E-03,-2.315923E+00
+2.033750E+00,+17.442E-03,-2.319082E+00
+2.035500E+00,+17.452E-03,-2.325974E+00
+2.037250E+00,+17.390E-03,-2.325974E+00
+2.039000E+00,+17.383E-03,-2.330999E+00
+2.040750E+00,+17.370E-03,-2.335966E+00
+2.042500E+00,+17.307E-03,-2.336024E+00
+2.044250E+00,+17.307E-03,-2.341049E+00
+2.046000E+00,+17.307E-03,-2.343605E+00
+2.047750E+00,+17.295E-03,-2.346074E+00
+2.049500E+00,+17.292E-03,-2.347022E+00
+2.051250E+00,+17.269E-03,-2.351099E+00
+2.053000E+00,+17.259E-03,-2.351099E+00
+2.054750E+00,+17.232E-03,-2.356124E+00
+2.056500E+00,+17.233E-03,-2.356124E+00
+2.058250E+00,+17.209E-03,-2.361149E+00
+2.060000E+00,+17.182E-03,-2.361149E+00
+2.061750E+00,+17.171E-03,-2.366175E+00
+2.063500E+00,+17.170E-03,-2.371200E+00
+2.065250E+00,+17.160E-03,-2.371200E+00
+2.067000E+00,+17.154E-03,-2.376225E+00
+2.068750E+00,+17.131E-03,-2.376225E+00
+2.070500E+00,+17.125E-03,-2.381250E+00
+2.072250E+00,+17.081E-03,-2.386275E+00
+2.074000E+00,+17.069E-03,-2.391042E+00
+2.075750E+00,+17.056E-03,-2.391300E+00
+2.077500E+00,+17.048E-03,-2.396325E+00
+2.079250E+00,+17.026E-03,-2.398680E+00
+2.081000E+00,+16.988E-03,-2.406376E+00
+2.082750E+00,+16.981E-03,-2.411401E+00
+2.084500E+00,+16.955E-03,-2.411401E+00
+2.086250E+00,+16.958E-03,-2.416426E+00
+2.088000E+00,+16.939E-03,-2.419786E+00
+2.089750E+00,+16.949E-03,-2.421451E+00
+2.091500E+00,+16.943E-03,-2.426476E+00
+2.093250E+00,+16.940E-03,-2.426476E+00
+2.095000E+00,+16.880E-03,-2.431501E+00
+2.096750E+00,+16.907E-03,-2.431501E+00
+2.098500E+00,+16.934E-03,-2.435062E+00
+2.100250E+00,+16.961E-03,-2.436526E+00
+2.102000E+00,+16.988E-03,-2.436526E+00
+2.103750E+00,+17.003E-03,-2.441551E+00
+2.105500E+00,+16.971E-03,-2.441551E+00
+2.107250E+00,+17.019E-03,-2.446577E+00
+2.109000E+00,+17.034E-03,-2.446577E+00
+2.110750E+00,+17.036E-03,-2.446577E+00
+2.112500E+00,+17.043E-03,-2.451602E+00
+2.114250E+00,+17.059E-03,-2.456627E+00
+2.116000E+00,+17.071E-03,-2.456627E+00
+2.117750E+00,+17.081E-03,-2.461652E+00
+2.119500E+00,+17.141E-03,-2.461652E+00
+2.121250E+00,+17.202E-03,-2.466677E+00
+2.123000E+00,+17.212E-03,-2.474057E+00
+2.124750E+00,+17.248E-03,-2.476727E+00
+2.126500E+00,+17.332E-03,-2.481752E+00
+2.128250E+00,+17.382E-03,-2.481752E+00
+2.130000E+00,+17.491E-03,-2.486778E+00
+2.131750E+00,+17.554E-03,-2.491803E+00
+2.133500E+00,+17.647E-03,-2.496828E+00
+2.135250E+00,+17.819E-03,-2.498579E+00
+2.137000E+00,+17.945E-03,-2.501853E+00
+2.138750E+00,+18.075E-03,-2.501997E+00
+2.140500E+00,+18.271E-03,-2.506878E+00
+2.142250E+00,+18.486E-03,-2.510439E+00
+2.144000E+00,+18.717E-03,-2.514660E+00
+2.145750E+00,+18.930E-03,-2.516928E+00
+2.147500E+00,+19.006E-03,-2.516928E+00
+2.149250E+00,+19.017E-03,-2.521953E+00
+2.151000E+00,+18.921E-03,-2.521953E+00
+2.152750E+00,+18.799E-03,-2.525715E+00
+2.154500E+00,+18.584E-03,-2.526979E+00
+2.156250E+00,+18.423E-03,-2.532004E+00
+2.158000E+00,+18.284E-03,-2.532004E+00
+2.159750E+00,+18.206E-03,-2.537029E+00
+2.161500E+00,+18.087E-03,-2.541796E+00
+2.163250E+00,+18.054E-03,-2.546017E+00
+2.165000E+00,+18.023E-03,-2.547079E+00
+2.166750E+00,+18.048E-03,-2.552104E+00
+2.168500E+00,+18.052E-03,-2.557129E+00
+2.170250E+00,+18.075E-03,-2.562154E+00
+2.172000E+00,+18.136E-03,-2.567180E+00
+2.173750E+00,+18.187E-03,-2.567180E+00
+2.175500E+00,+18.291E-03,-2.572205E+00
+2.177250E+00,+18.401E-03,-2.574760E+00
+2.179000E+00,+18.543E-03,-2.577230E+00
+2.180750E+00,+18.721E-03,-2.578177E+00
+2.182500E+00,+18.979E-03,-2.582255E+00
+2.184250E+00,+19.185E-03,-2.586620E+00
+2.186000E+00,+19.376E-03,-2.587280E+00
+2.187750E+00,+19.635E-03,-2.590037E+00
+2.189500E+00,+19.842E-03,-2.592305E+00
+2.191250E+00,+19.914E-03,-2.593454E+00
+2.193000E+00,+19.841E-03,-2.597330E+00
+2.194750E+00,+19.661E-03,-2.597330E+00
+2.196500E+00,+19.330E-03,-2.601092E+00
+2.198250E+00,+18.964E-03,-2.602356E+00
+2.200000E+00,+18.632E-03,-2.602356E+00
+2.201750E+00,+18.387E-03,-2.607381E+00
+2.203500E+00,+18.152E-03,-2.607381E+00
+2.205250E+00,+17.963E-03,-2.612406E+00
+2.207000E+00,+17.762E-03,-2.612406E+00
+2.208750E+00,+17.615E-03,-2.617431E+00
+2.210500E+00,+17.415E-03,-2.619786E+00
+2.212250E+00,+17.283E-03,-2.627481E+00
+2.214000E+00,+17.140E-03,-2.627481E+00
+2.215750E+00,+17.069E-03,-2.632506E+00
+2.217500E+00,+16.935E-03,-2.637531E+00
+2.219250E+00,+16.813E-03,-2.642557E+00
+2.221000E+00,+16.748E-03,-2.642557E+00
+2.222750E+00,+16.678E-03,-2.647582E+00
+2.224500E+00,+16.589E-03,-2.652607E+00
+2.226250E+00,+16.565E-03,-2.657632E+00
+2.228000E+00,+16.480E-03,-2.657632E+00
+2.229750E+00,+16.428E-03,-2.662657E+00
+2.231500E+00,+16.346E-03,-2.667682E+00
+2.233250E+00,+16.297E-03,-2.667682E+00
+2.235000E+00,+16.278E-03,-2.672707E+00
+2.236750E+00,+16.188E-03,-2.672707E+00
+2.238500E+00,+16.175E-03,-2.677732E+00
+2.240250E+00,+16.148E-03,-2.677732E+00
+2.242000E+00,+16.103E-03,-2.682758E+00
+2.243750E+00,+16.081E-03,-2.682758E+00
+2.245500E+00,+16.042E-03,-2.687783E+00
+2.247250E+00,+16.062E-03,-2.687783E+00
+2.249000E+00,+16.075E-03,-2.692808E+00
+2.250750E+00,+16.058E-03,-2.692808E+00
+2.252500E+00,+16.043E-03,-2.695966E+00
+2.254250E+00,+16.045E-03,-2.697833E+00
+2.256000E+00,+16.097E-03,-2.702858E+00
+2.257750E+00,+16.117E-03,-2.707883E+00
+2.259500E+00,+16.139E-03,-2.707883E+00
+2.261250E+00,+16.187E-03,-2.712908E+00
+2.263000E+00,+16.227E-03,-2.717933E+00
+2.264750E+00,+16.290E-03,-2.722959E+00
+2.266500E+00,+16.382E-03,-2.727984E+00
+2.268250E+00,+16.468E-03,-2.727984E+00
+2.270000E+00,+16.592E-03,-2.733009E+00
+2.271750E+00,+16.676E-03,-2.738034E+00
+2.273500E+00,+16.704E-03,-2.743059E+00
+2.275250E+00,+16.626E-03,-2.743059E+00
+2.277000E+00,+16.451E-03,-2.748084E+00
+2.278750E+00,+16.325E-03,-2.753109E+00
+2.280500E+00,+16.150E-03,-2.753109E+00
+2.282250E+00,+16.016E-03,-2.757675E+00
+2.284000E+00,+15.922E-03,-2.758134E+00
+2.285750E+00,+15.830E-03,-2.761092E+00
+2.287500E+00,+15.764E-03,-2.763160E+00
+2.289250E+00,+15.727E-03,-2.763160E+00
+2.291000E+00,+15.673E-03,-2.768185E+00
+2.292750E+00,+15.624E-03,-2.768185E+00
+2.294500E+00,+15.576E-03,-2.773210E+00
+2.296250E+00,+15.548E-03,-2.776368E+00
+2.298000E+00,+15.555E-03,-2.778235E+00
+2.299750E+00,+15.536E-03,-2.783260E+00
+2.301500E+00,+15.545E-03,-2.784007E+00
+2.303250E+00,+15.485E-03,-2.788285E+00
+2.305000E+00,+15.486E-03,-2.793310E+00
+2.306750E+00,+15.502E-03,-2.798335E+00
+2.308500E+00,+15.467E-03,-2.803361E+00
+2.310250E+00,+15.481E-03,-2.808386E+00
+2.312000E+00,+15.471E-03,-2.813411E+00
+2.313750E+00,+15.472E-03,-2.818436E+00
+2.315500E+00,+15.457E-03,-2.818436E+00
+2.317250E+00,+15.443E-03,-2.827022E+00
+2.319000E+00,+15.433E-03,-2.828486E+00
+2.320750E+00,+15.435E-03,-2.833511E+00
+2.322500E+00,+15.435E-03,-2.834660E+00
+2.324250E+00,+15.435E-03,-2.838536E+00
+2.326000E+00,+15.434E-03,-2.838536E+00
+2.327750E+00,+15.423E-03,-2.843562E+00
+2.329500E+00,+15.446E-03,-2.843562E+00
+2.331250E+00,+15.468E-03,-2.848587E+00
+2.333000E+00,+15.470E-03,-2.848587E+00
+2.334750E+00,+15.484E-03,-2.853612E+00
+2.336500E+00,+15.473E-03,-2.853612E+00
+2.338250E+00,+15.458E-03,-2.858637E+00
+2.340000E+00,+15.453E-03,-2.861796E+00
+2.341750E+00,+15.486E-03,-2.863662E+00
+2.343500E+00,+15.502E-03,-2.868687E+00
+2.345250E+00,+15.500E-03,-2.869434E+00
+2.347000E+00,+15.473E-03,-2.873712E+00
+2.348750E+00,+15.498E-03,-2.878737E+00
+2.350500E+00,+15.511E-03,-2.883763E+00
+2.352250E+00,+15.530E-03,-2.888788E+00
+2.354000E+00,+15.562E-03,-2.890539E+00
+2.355750E+00,+15.553E-03,-2.893813E+00
+2.357500E+00,+15.549E-03,-2.898838E+00
+2.359250E+00,+15.586E-03,-2.898838E+00
+2.361000E+00,+15.602E-03,-2.903863E+00
+2.362750E+00,+15.617E-03,-2.908888E+00
+2.364500E+00,+15.629E-03,-2.908888E+00
+2.366250E+00,+15.645E-03,-2.913913E+00
+2.368000E+00,+15.650E-03,-2.913913E+00
+2.369750E+00,+15.660E-03,-2.918479E+00
+2.371500E+00,+15.668E-03,-2.918938E+00
+2.373250E+00,+15.699E-03,-2.918938E+00
+2.375000E+00,+15.679E-03,-2.923964E+00
+2.376750E+00,+15.724E-03,-2.923964E+00
+2.378500E+00,+15.698E-03,-2.928989E+00
+2.380250E+00,+15.711E-03,-2.928989E+00
+2.382000E+00,+15.727E-03,-2.928989E+00
+2.383750E+00,+15.767E-03,-2.934014E+00
+2.385500E+00,+15.793E-03,-2.934014E+00
+2.387250E+00,+15.804E-03,-2.935564E+00
+2.389000E+00,+15.780E-03,-2.939039E+00
+2.390750E+00,+15.849E-03,-2.944064E+00
+2.392500E+00,+15.806E-03,-2.949089E+00
+2.394250E+00,+15.837E-03,-2.954114E+00
+2.396000E+00,+15.862E-03,-2.956670E+00
+2.397750E+00,+15.879E-03,-2.960891E+00
+2.399500E+00,+15.877E-03,-2.964165E+00
+2.401250E+00,+15.876E-03,-2.969190E+00
+2.403000E+00,+15.900E-03,-2.974215E+00
+2.404750E+00,+15.947E-03,-2.975679E+00
+2.406500E+00,+15.962E-03,-2.979240E+00
+2.408250E+00,+15.973E-03,-2.984265E+00
+2.410000E+00,+16.016E-03,-2.984265E+00
+2.411750E+00,+16.027E-03,-2.989290E+00
+2.413500E+00,+16.039E-03,-2.989290E+00
+2.415250E+00,+16.051E-03,-2.994315E+00
+2.417000E+00,+16.071E-03,-2.994315E+00
+2.418750E+00,+16.099E-03,-2.999340E+00
+2.420500E+00,+16.114E-03,-3.004366E+00
+2.422250E+00,+16.126E-03,-3.004366E+00
+2.424000E+00,+16.127E-03,-3.004366E+00
+2.425750E+00,+16.151E-03,-3.009391E+00
+2.427500E+00,+16.192E-03,-3.009391E+00
+2.429250E+00,+16.213E-03,-3.014416E+00
+2.431000E+00,+16.235E-03,-3.014416E+00
+2.432750E+00,+16.252E-03,-3.019441E+00
+2.434500E+00,+16.277E-03,-3.019441E+00
+2.436250E+00,+16.296E-03,-3.024466E+00
+2.438000E+00,+16.365E-03,-3.029491E+00
+2.439750E+00,+16.390E-03,-3.029491E+00
+2.441500E+00,+16.394E-03,-3.034516E+00
+2.443250E+00,+16.405E-03,-3.040489E+00
+2.445000E+00,+16.466E-03,-3.044567E+00
+2.446750E+00,+16.455E-03,-3.048931E+00
+2.448500E+00,+16.512E-03,-3.054617E+00
+2.450250E+00,+16.523E-03,-3.054617E+00
+2.452000E+00,+16.555E-03,-3.059642E+00
+2.453750E+00,+16.549E-03,-3.064667E+00
+2.455500E+00,+16.614E-03,-3.069692E+00
+2.457250E+00,+16.631E-03,-3.069692E+00
+2.459000E+00,+16.679E-03,-3.069692E+00
+2.460750E+00,+16.737E-03,-3.074717E+00
+2.462500E+00,+16.753E-03,-3.076871E+00
+2.464250E+00,+16.805E-03,-3.079742E+00
+2.466000E+00,+16.820E-03,-3.084768E+00
+2.467750E+00,+16.881E-03,-3.084768E+00
+2.469500E+00,+16.943E-03,-3.088730E+00
+2.471250E+00,+17.001E-03,-3.089793E+00
+2.473000E+00,+17.043E-03,-3.094818E+00
+2.474750E+00,+17.071E-03,-3.094818E+00
+2.476500E+00,+17.117E-03,-3.099843E+00
+2.478250E+00,+17.144E-03,-3.099843E+00
+2.480000E+00,+17.213E-03,-3.104007E+00
+2.481750E+00,+17.232E-03,-3.104868E+00
+2.483500E+00,+17.251E-03,-3.109893E+00
+2.485250E+00,+17.312E-03,-3.114918E+00
+2.487000E+00,+17.353E-03,-3.119943E+00
+2.488750E+00,+17.370E-03,-3.119943E+00
+2.490500E+00,+17.433E-03,-3.124969E+00
+2.492250E+00,+17.479E-03,-3.129994E+00
+2.494000E+00,+17.508E-03,-3.132750E+00
+2.495750E+00,+17.533E-03,-3.136971E+00
+2.497500E+00,+17.564E-03,-3.140044E+00
+2.499250E+00,+17.584E-03,-3.140389E+00
+2.501000E+00,+17.619E-03,-3.145069E+00
+2.502750E+00,+17.675E-03,-3.145069E+00
+2.504500E+00,+17.679E-03,-3.150094E+00
+2.506250E+00,+17.752E-03,-3.152248E+00
+2.508000E+00,+17.775E-03,-3.155119E+00
+2.509750E+00,+17.787E-03,-3.155119E+00
+2.511500E+00,+17.835E-03,-3.159886E+00
+2.513250E+00,+17.880E-03,-3.160144E+00
+2.515000E+00,+17.888E-03,-3.165170E+00
+2.516750E+00,+17.941E-03,-3.165170E+00
+2.518500E+00,+17.985E-03,-3.165170E+00
+2.520250E+00,+18.011E-03,-3.170195E+00
+2.522000E+00,+18.074E-03,-3.170195E+00
+2.523750E+00,+18.109E-03,-3.175220E+00
+2.525500E+00,+18.153E-03,-3.178579E+00
+2.527250E+00,+18.218E-03,-3.180245E+00
+2.529000E+00,+18.241E-03,-3.185270E+00
+2.530750E+00,+18.279E-03,-3.185270E+00
+2.532500E+00,+18.337E-03,-3.190295E+00
+2.534250E+00,+18.372E-03,-3.195320E+00
+2.536000E+00,+18.396E-03,-3.200345E+00
+2.537750E+00,+18.394E-03,-3.203102E+00
+2.539500E+00,+18.443E-03,-3.210396E+00
+2.541250E+00,+18.485E-03,-3.210396E+00
+2.543000E+00,+18.526E-03,-3.215421E+00
+2.544750E+00,+18.574E-03,-3.220446E+00
+2.546500E+00,+18.607E-03,-3.225471E+00
+2.548250E+00,+18.644E-03,-3.225471E+00
+2.550000E+00,+18.721E-03,-3.230496E+00
+2.551750E+00,+18.768E-03,-3.231846E+00
+2.553500E+00,+18.837E-03,-3.235521E+00
+2.555250E+00,+18.888E-03,-3.235521E+00
+2.557000E+00,+18.903E-03,-3.240546E+00
+2.558750E+00,+18.978E-03,-3.243705E+00
+2.560500E+00,+19.002E-03,-3.245572E+00
+2.562250E+00,+19.041E-03,-3.247122E+00
+2.564000E+00,+19.116E-03,-3.251343E+00
+2.565750E+00,+19.166E-03,-3.255622E+00
+2.567500E+00,+19.210E-03,-3.255622E+00
+2.569250E+00,+19.242E-03,-3.264007E+00
+2.571000E+00,+19.298E-03,-3.265672E+00
+2.572750E+00,+19.347E-03,-3.270697E+00
+2.574500E+00,+19.382E-03,-3.271645E+00
+2.576250E+00,+19.430E-03,-3.275722E+00
+2.578000E+00,+19.479E-03,-3.280747E+00
+2.579750E+00,+19.493E-03,-3.285773E+00
+2.581500E+00,+19.557E-03,-3.288529E+00
+2.583250E+00,+19.636E-03,-3.290798E+00
+2.585000E+00,+19.659E-03,-3.290798E+00
+2.586750E+00,+19.743E-03,-3.295823E+00
+2.588500E+00,+19.779E-03,-3.300848E+00
+2.590250E+00,+19.810E-03,-3.304610E+00
+2.592000E+00,+19.852E-03,-3.305873E+00
+2.593750E+00,+19.918E-03,-3.308027E+00
+2.595500E+00,+19.980E-03,-3.310898E+00
+2.597250E+00,+20.022E-03,-3.310898E+00
+2.599000E+00,+20.058E-03,-3.315923E+00
+2.600750E+00,+20.106E-03,-3.315923E+00
+2.602500E+00,+20.171E-03,-3.320948E+00
+2.604250E+00,+20.202E-03,-3.320948E+00
+2.606000E+00,+20.267E-03,-3.325974E+00
+2.607750E+00,+20.349E-03,-3.325974E+00
+2.609500E+00,+20.385E-03,-3.330999E+00
+2.611250E+00,+20.421E-03,-3.330999E+00
+2.613000E+00,+20.465E-03,-3.334358E+00
+2.614750E+00,+20.505E-03,-3.336024E+00
+2.616500E+00,+20.545E-03,-3.341049E+00
+2.618250E+00,+20.588E-03,-3.341049E+00
+2.620000E+00,+20.612E-03,-3.346074E+00
+2.621750E+00,+20.672E-03,-3.351099E+00
+2.623500E+00,+20.699E-03,-3.351099E+00
+2.625250E+00,+20.713E-03,-3.358881E+00
+2.627000E+00,+20.792E-03,-3.361149E+00
+2.628750E+00,+20.837E-03,-3.362298E+00
+2.630500E+00,+20.865E-03,-3.371200E+00
+2.632250E+00,+20.948E-03,-3.371200E+00
+2.634000E+00,+20.972E-03,-3.376225E+00
+2.635750E+00,+21.041E-03,-3.381250E+00
+2.637500E+00,+21.069E-03,-3.381250E+00
+2.639250E+00,+21.151E-03,-3.386275E+00
+2.641000E+00,+21.151E-03,-3.386821E+00
+2.642750E+00,+21.176E-03,-3.391300E+00
+2.644500E+00,+21.249E-03,-3.396325E+00
+2.646250E+00,+21.260E-03,-3.399484E+00
+2.648000E+00,+21.315E-03,-3.401350E+00
+2.649750E+00,+21.356E-03,-3.401350E+00
+2.651500E+00,+21.405E-03,-3.406376E+00
+2.653250E+00,+21.427E-03,-3.406376E+00
+2.655000E+00,+21.451E-03,-3.411401E+00
+2.656750E+00,+21.486E-03,-3.411401E+00
+2.658500E+00,+21.522E-03,-3.416426E+00
+2.660250E+00,+21.566E-03,-3.416426E+00
+2.662000E+00,+21.601E-03,-3.421451E+00
+2.663750E+00,+21.666E-03,-3.426476E+00
+2.665500E+00,+21.668E-03,-3.426476E+00
+2.667250E+00,+21.629E-03,-3.421451E+00
+2.669000E+00,+21.596E-03,-3.416426E+00
+2.670750E+00,+21.581E-03,-3.416426E+00
+2.672500E+00,+21.531E-03,-3.411401E+00
+2.674250E+00,+21.491E-03,-3.411401E+00
+2.676000E+00,+21.444E-03,-3.406835E+00
+2.677750E+00,+21.409E-03,-3.406376E+00
+2.679500E+00,+21.368E-03,-3.403418E+00
+2.681250E+00,+21.365E-03,-3.401350E+00
+2.683000E+00,+21.311E-03,-3.396325E+00
+2.684750E+00,+21.255E-03,-3.396325E+00
+2.686500E+00,+21.228E-03,-3.391559E+00
+2.688250E+00,+21.202E-03,-3.391300E+00
+2.690000E+00,+21.165E-03,-3.386275E+00
+2.691750E+00,+21.126E-03,-3.386275E+00
+2.693500E+00,+21.085E-03,-3.381250E+00
+2.695250E+00,+21.040E-03,-3.380503E+00
+2.697000E+00,+21.013E-03,-3.376225E+00
+2.698750E+00,+20.988E-03,-3.372061E+00
+2.700500E+00,+20.950E-03,-3.366175E+00
+2.702250E+00,+20.957E-03,-3.361149E+00
+2.704000E+00,+20.900E-03,-3.361149E+00
+2.705750E+00,+20.873E-03,-3.356124E+00
+2.707500E+00,+20.812E-03,-3.351099E+00
+2.709250E+00,+20.764E-03,-3.346074E+00
+2.711000E+00,+20.728E-03,-3.346074E+00
+2.712750E+00,+20.685E-03,-3.341049E+00
+2.714500E+00,+20.634E-03,-3.336024E+00
+2.716250E+00,+20.621E-03,-3.330999E+00
+2.718000E+00,+20.585E-03,-3.330999E+00
+2.719750E+00,+20.523E-03,-3.330999E+00
+2.721500E+00,+20.482E-03,-3.325974E+00
+2.723250E+00,+20.443E-03,-3.325974E+00
+2.725000E+00,+20.398E-03,-3.320948E+00
+2.726750E+00,+20.382E-03,-3.320948E+00
+2.728500E+00,+20.320E-03,-3.315923E+00
+2.730250E+00,+20.298E-03,-3.315923E+00
+2.732000E+00,+20.250E-03,-3.311961E+00
+2.733750E+00,+20.211E-03,-3.310898E+00
+2.735500E+00,+20.166E-03,-3.308228E+00
+2.737250E+00,+20.113E-03,-3.305873E+00
+2.739000E+00,+20.080E-03,-3.305873E+00
+2.740750E+00,+20.021E-03,-3.300848E+00
+2.742500E+00,+19.977E-03,-3.300848E+00
+2.744250E+00,+19.937E-03,-3.295823E+00
+2.746000E+00,+19.920E-03,-3.290798E+00
+2.747750E+00,+19.887E-03,-3.290798E+00
+2.749500E+00,+19.820E-03,-3.285773E+00
+2.751250E+00,+19.807E-03,-3.280747E+00
+2.753000E+00,+19.749E-03,-3.275722E+00
+2.754750E+00,+19.714E-03,-3.272162E+00
+2.756500E+00,+19.688E-03,-3.270697E+00
+2.758250E+00,+19.631E-03,-3.265672E+00
+2.760000E+00,+19.606E-03,-3.260647E+00
+2.761750E+00,+19.542E-03,-3.260302E+00
+2.763500E+00,+19.519E-03,-3.251056E+00
+2.765250E+00,+19.474E-03,-3.250597E+00
+2.767000E+00,+19.423E-03,-3.250597E+00
+2.768750E+00,+19.407E-03,-3.245572E+00
+2.770500E+00,+19.342E-03,-3.244222E+00
+2.772250E+00,+19.303E-03,-3.240001E+00
+2.774000E+00,+19.281E-03,-3.235521E+00
+2.775750E+00,+19.245E-03,-3.235521E+00
+2.777500E+00,+19.176E-03,-3.230496E+00
+2.779250E+00,+19.128E-03,-3.230496E+00
+2.781000E+00,+19.062E-03,-3.225471E+00
+2.782750E+00,+19.028E-03,-3.220446E+00
+2.784500E+00,+18.991E-03,-3.215478E+00
+2.786250E+00,+18.968E-03,-3.215421E+00
+2.788000E+00,+18.898E-03,-3.210396E+00
+2.789750E+00,+18.871E-03,-3.207840E+00
+2.791500E+00,+18.794E-03,-3.203619E+00
+2.793250E+00,+18.772E-03,-3.199398E+00
+2.795000E+00,+18.752E-03,-3.195320E+00
+2.796750E+00,+18.727E-03,-3.190295E+00
+2.798500E+00,+18.646E-03,-3.185270E+00
+2.800250E+00,+18.601E-03,-3.185270E+00
+2.802000E+00,+18.546E-03,-3.180245E+00
+2.803750E+00,+18.535E-03,-3.180245E+00
+2.805500E+00,+18.499E-03,-3.175220E+00
+2.807250E+00,+18.477E-03,-3.175220E+00
+2.809000E+00,+18.403E-03,-3.170195E+00
+2.810750E+00,+18.385E-03,-3.170195E+00
+2.812500E+00,+18.337E-03,-3.165170E+00
+2.814250E+00,+18.281E-03,-3.165170E+00
+2.816000E+00,+18.259E-03,-3.164624E+00
+2.817750E+00,+18.224E-03,-3.160144E+00
+2.819500E+00,+18.181E-03,-3.160144E+00
+2.821250E+00,+18.136E-03,-3.155119E+00
+2.823000E+00,+18.105E-03,-3.155119E+00
+2.824750E+00,+18.048E-03,-3.153569E+00
+2.826500E+00,+18.057E-03,-3.150094E+00
+2.828250E+00,+17.973E-03,-3.145069E+00
+2.830000E+00,+17.975E-03,-3.145069E+00
+2.831750E+00,+17.923E-03,-3.140044E+00
+2.833500E+00,+17.885E-03,-3.137488E+00
+2.835250E+00,+17.860E-03,-3.135019E+00
+2.837000E+00,+17.818E-03,-3.129994E+00
+2.838750E+00,+17.797E-03,-3.124969E+00
+2.840500E+00,+17.756E-03,-3.120604E+00
+2.842250E+00,+17.727E-03,-3.119943E+00
+2.844000E+00,+17.684E-03,-3.114918E+00
+2.845750E+00,+17.629E-03,-3.109893E+00
+2.847500E+00,+17.588E-03,-3.104868E+00
+2.849250E+00,+17.569E-03,-3.104868E+00
+2.851000E+00,+17.537E-03,-3.100302E+00
+2.852750E+00,+17.521E-03,-3.099843E+00
+2.854500E+00,+17.490E-03,-3.094818E+00
+2.856250E+00,+17.417E-03,-3.094818E+00
+2.858000E+00,+17.385E-03,-3.089793E+00
+2.859750E+00,+17.342E-03,-3.089247E+00
+2.861500E+00,+17.345E-03,-3.084768E+00
+2.863250E+00,+17.282E-03,-3.084768E+00
+2.865000E+00,+17.249E-03,-3.079742E+00
+2.866750E+00,+17.219E-03,-3.079742E+00
+2.868500E+00,+17.190E-03,-3.074717E+00
+2.870250E+00,+17.178E-03,-3.074717E+00
+2.872000E+00,+17.156E-03,-3.069692E+00
+2.873750E+00,+17.096E-03,-3.069692E+00
+2.875500E+00,+17.081E-03,-3.064667E+00
+2.877250E+00,+17.044E-03,-3.059642E+00
+2.879000E+00,+16.964E-03,-3.054617E+00
+2.880750E+00,+16.953E-03,-3.054617E+00
+2.882500E+00,+16.931E-03,-3.049592E+00
+2.884250E+00,+16.918E-03,-3.044567E+00
+2.886000E+00,+16.884E-03,-3.041006E+00
+2.887750E+00,+16.848E-03,-3.036785E+00
+2.889500E+00,+16.837E-03,-3.034516E+00
+2.891250E+00,+16.824E-03,-3.029491E+00
+2.893000E+00,+16.791E-03,-3.024466E+00
+2.894750E+00,+16.743E-03,-3.024466E+00
+2.896500E+00,+16.704E-03,-3.020704E+00
+2.898250E+00,+16.672E-03,-3.014416E+00
+2.900000E+00,+16.679E-03,-3.014416E+00
+2.901750E+00,+16.635E-03,-3.009391E+00
+2.903500E+00,+16.651E-03,-3.009391E+00
+2.905250E+00,+16.616E-03,-3.004366E+00
+2.907000E+00,+16.571E-03,-3.004366E+00
+2.908750E+00,+16.553E-03,-2.999340E+00
+2.910500E+00,+16.529E-03,-2.999340E+00
+2.912250E+00,+16.483E-03,-2.994315E+00
+2.914000E+00,+16.489E-03,-2.994315E+00
+2.915750E+00,+16.453E-03,-2.994258E+00
+2.917500E+00,+16.459E-03,-2.989290E+00
+2.919250E+00,+16.403E-03,-2.984265E+00
+2.921000E+00,+16.384E-03,-2.981709E+00
+2.922750E+00,+16.386E-03,-2.979240E+00
+2.924500E+00,+16.367E-03,-2.974215E+00
+2.926250E+00,+16.365E-03,-2.974071E+00
+2.928000E+00,+16.315E-03,-2.969190E+00
+2.929750E+00,+16.307E-03,-2.964165E+00
+2.931500E+00,+16.283E-03,-2.959139E+00
+2.933250E+00,+16.318E-03,-2.954114E+00
+2.935000E+00,+16.306E-03,-2.949089E+00
+2.936750E+00,+16.264E-03,-2.948745E+00
+2.938500E+00,+16.237E-03,-2.939498E+00
+2.940250E+00,+16.211E-03,-2.939039E+00
+2.942000E+00,+16.187E-03,-2.939039E+00
+2.943750E+00,+16.203E-03,-2.934014E+00
+2.945500E+00,+16.151E-03,-2.932664E+00
+2.947250E+00,+16.150E-03,-2.928989E+00
+2.949000E+00,+16.126E-03,-2.928989E+00
+2.950750E+00,+16.114E-03,-2.925026E+00
+2.952500E+00,+16.089E-03,-2.923964E+00
+2.954250E+00,+16.077E-03,-2.923964E+00
+2.956000E+00,+16.060E-03,-2.918938E+00
+2.957750E+00,+16.049E-03,-2.918938E+00
+2.959500E+00,+16.013E-03,-2.918938E+00
+2.961250E+00,+15.978E-03,-2.913913E+00
+2.963000E+00,+15.976E-03,-2.913913E+00
+2.964750E+00,+15.976E-03,-2.908888E+00
+2.966500E+00,+15.950E-03,-2.908888E+00
+2.968250E+00,+15.938E-03,-2.903863E+00
+2.970000E+00,+15.888E-03,-2.903863E+00
+2.971750E+00,+15.888E-03,-2.898838E+00
+2.973500E+00,+15.857E-03,-2.893813E+00
+2.975250E+00,+15.849E-03,-2.888788E+00
+2.977000E+00,+15.842E-03,-2.883763E+00
+2.978750E+00,+15.847E-03,-2.883763E+00
+2.980500E+00,+15.799E-03,-2.878393E+00
+2.982250E+00,+15.798E-03,-2.873712E+00
+2.984000E+00,+15.787E-03,-2.869951E+00
+2.985750E+00,+15.797E-03,-2.865730E+00
+2.987500E+00,+15.775E-03,-2.863662E+00
+2.989250E+00,+15.765E-03,-2.858637E+00
+2.991000E+00,+15.772E-03,-2.858091E+00
+2.992750E+00,+15.749E-03,-2.853612E+00
+2.994500E+00,+15.717E-03,-2.853612E+00
+2.996250E+00,+15.726E-03,-2.848587E+00
+2.998000E+00,+15.737E-03,-2.846232E+00
+2.999750E+00,+15.737E-03,-2.843562E+00
+3.001500E+00,+15.722E-03,-2.842815E+00
+3.003250E+00,+15.686E-03,-2.838536E+00
+3.005000E+00,+15.697E-03,-2.838536E+00
+3.006750E+00,+15.687E-03,-2.833511E+00
+3.008500E+00,+15.674E-03,-2.833511E+00
+3.010250E+00,+15.653E-03,-2.828486E+00
+3.012000E+00,+15.634E-03,-2.827539E+00
+3.013750E+00,+15.636E-03,-2.823317E+00
+3.015500E+00,+15.600E-03,-2.818436E+00
+3.017250E+00,+15.570E-03,-2.809850E+00
+3.019000E+00,+15.579E-03,-2.808386E+00
+3.020750E+00,+15.561E-03,-2.803361E+00
+3.022500E+00,+15.561E-03,-2.802212E+00
+3.024250E+00,+15.512E-03,-2.793310E+00
+3.026000E+00,+15.524E-03,-2.788285E+00
+3.027750E+00,+15.530E-03,-2.783260E+00
+3.029500E+00,+15.548E-03,-2.783260E+00
+3.031250E+00,+15.507E-03,-2.778235E+00
+3.033000E+00,+15.514E-03,-2.773210E+00
+3.034750E+00,+15.509E-03,-2.768185E+00
+3.036500E+00,+15.474E-03,-2.768185E+00
+3.038250E+00,+15.503E-03,-2.768185E+00
+3.040000E+00,+15.507E-03,-2.763160E+00
+3.041750E+00,+15.492E-03,-2.763160E+00
+3.043500E+00,+15.506E-03,-2.761609E+00
+3.045250E+00,+15.489E-03,-2.758134E+00
+3.047000E+00,+15.486E-03,-2.758134E+00
+3.048750E+00,+15.479E-03,-2.753109E+00
+3.050500E+00,+15.519E-03,-2.753109E+00
+3.052250E+00,+15.517E-03,-2.748084E+00
+3.054000E+00,+15.531E-03,-2.743059E+00
+3.055750E+00,+15.511E-03,-2.743059E+00
+3.057500E+00,+15.523E-03,-2.738034E+00
+3.059250E+00,+15.511E-03,-2.738034E+00
+3.061000E+00,+15.523E-03,-2.733009E+00
+3.062750E+00,+15.535E-03,-2.727984E+00
+3.064500E+00,+15.546E-03,-2.722959E+00
+3.066250E+00,+15.583E-03,-2.717933E+00
+3.068000E+00,+15.586E-03,-2.717589E+00
+3.069750E+00,+15.586E-03,-2.708343E+00
+3.071500E+00,+15.636E-03,-2.707883E+00
+3.073250E+00,+15.667E-03,-2.702858E+00
+3.075000E+00,+15.730E-03,-2.697833E+00
+3.076750E+00,+15.771E-03,-2.697833E+00
+3.078500E+00,+15.801E-03,-2.692808E+00
+3.080250E+00,+15.888E-03,-2.692808E+00
+3.082000E+00,+15.948E-03,-2.687783E+00
+3.083750E+00,+16.045E-03,-2.684624E+00
+3.085500E+00,+16.144E-03,-2.682758E+00
+3.087250E+00,+16.237E-03,-2.682758E+00
+3.089000E+00,+16.399E-03,-2.677732E+00
+3.090750E+00,+16.515E-03,-2.677732E+00
+3.092500E+00,+16.692E-03,-2.672707E+00
+3.094250E+00,+16.734E-03,-2.672707E+00
+3.096000E+00,+16.679E-03,-2.667682E+00
+3.097750E+00,+16.578E-03,-2.662657E+00
+3.099500E+00,+16.465E-03,-2.662657E+00
+3.101250E+00,+16.377E-03,-2.657632E+00
+3.103000E+00,+16.338E-03,-2.652607E+00
+3.104750E+00,+16.264E-03,-2.652607E+00
+3.106500E+00,+16.234E-03,-2.647582E+00
+3.108250E+00,+16.164E-03,-2.642557E+00
+3.110000E+00,+16.139E-03,-2.642557E+00
+3.111750E+00,+16.101E-03,-2.637187E+00
+3.113500E+00,+16.116E-03,-2.632506E+00
+3.115250E+00,+16.107E-03,-2.627481E+00
+3.117000E+00,+16.121E-03,-2.624523E+00
+3.118750E+00,+16.121E-03,-2.622456E+00
+3.120500E+00,+16.098E-03,-2.617431E+00
+3.122250E+00,+16.116E-03,-2.617431E+00
+3.124000E+00,+16.139E-03,-2.612664E+00
+3.125750E+00,+16.149E-03,-2.608443E+00
+3.127500E+00,+16.144E-03,-2.607381E+00
+3.129250E+00,+16.170E-03,-2.607381E+00
+3.131000E+00,+16.201E-03,-2.602356E+00
+3.132750E+00,+16.209E-03,-2.602356E+00
+3.134500E+00,+16.290E-03,-2.597330E+00
+3.136250E+00,+16.338E-03,-2.597330E+00
+3.138000E+00,+16.403E-03,-2.593971E+00
+3.139750E+00,+16.478E-03,-2.592305E+00
+3.141500E+00,+16.499E-03,-2.592305E+00
+3.143250E+00,+16.583E-03,-2.587280E+00
+3.145000E+00,+16.617E-03,-2.587280E+00
+3.146750E+00,+16.688E-03,-2.582915E+00
+3.148500E+00,+16.769E-03,-2.582255E+00
+3.150250E+00,+16.882E-03,-2.577230E+00
+3.152000E+00,+16.970E-03,-2.577230E+00
+3.153750E+00,+17.087E-03,-2.572205E+00
+3.155500E+00,+17.208E-03,-2.567180E+00
+3.157250E+00,+17.307E-03,-2.567180E+00
+3.159000E+00,+17.458E-03,-2.562154E+00
+3.160750E+00,+17.585E-03,-2.557129E+00
+3.162500E+00,+17.718E-03,-2.557129E+00
+3.164250E+00,+17.876E-03,-2.552104E+00
+3.166000E+00,+18.040E-03,-2.547079E+00
+3.167750E+00,+18.272E-03,-2.542312E+00
+3.169500E+00,+18.472E-03,-2.542054E+00
+3.171250E+00,+18.722E-03,-2.537029E+00
+3.173000E+00,+19.076E-03,-2.532004E+00
+3.174750E+00,+19.328E-03,-2.530453E+00
+3.176500E+00,+19.658E-03,-2.526979E+00
+3.178250E+00,+19.894E-03,-2.526979E+00
+3.180000E+00,+19.983E-03,-2.521953E+00
+3.181750E+00,+19.941E-03,-2.518594E+00
+3.183500E+00,+19.769E-03,-2.516928E+00
+3.185250E+00,+19.547E-03,-2.516928E+00
+3.187000E+00,+19.353E-03,-2.511903E+00
+3.188750E+00,+19.139E-03,-2.511903E+00
+3.190500E+00,+18.884E-03,-2.506878E+00
+3.192250E+00,+18.707E-03,-2.501853E+00
+3.194000E+00,+18.562E-03,-2.499096E+00
+3.195750E+00,+18.416E-03,-2.496828E+00
+3.197500E+00,+18.309E-03,-2.491803E+00
+3.199250E+00,+18.272E-03,-2.486778E+00
+3.201000E+00,+18.201E-03,-2.482212E+00
+3.202750E+00,+18.146E-03,-2.481752E+00
+3.204500E+00,+18.116E-03,-2.476727E+00
+3.206250E+00,+18.113E-03,-2.471702E+00
+3.208000E+00,+18.108E-03,-2.471702E+00
+3.209750E+00,+18.140E-03,-2.466677E+00
+3.211500E+00,+18.210E-03,-2.461652E+00
+3.213250E+00,+18.272E-03,-2.456627E+00
+3.215000E+00,+18.381E-03,-2.456627E+00
+3.216750E+00,+18.537E-03,-2.451602E+00
+3.218500E+00,+18.680E-03,-2.446577E+00
+3.220250E+00,+18.867E-03,-2.446577E+00
+3.222000E+00,+19.028E-03,-2.446577E+00
+3.223750E+00,+19.135E-03,-2.441551E+00
+3.225500E+00,+19.120E-03,-2.441551E+00
+3.227250E+00,+18.997E-03,-2.441551E+00
+3.229000E+00,+18.818E-03,-2.436526E+00
+3.230750E+00,+18.622E-03,-2.435579E+00
+3.232500E+00,+18.461E-03,-2.431501E+00
+3.234250E+00,+18.267E-03,-2.431501E+00
+3.236000E+00,+18.144E-03,-2.430037E+00
+3.237750E+00,+18.035E-03,-2.426476E+00
+3.239500E+00,+17.935E-03,-2.421451E+00
+3.241250E+00,+17.854E-03,-2.421451E+00
+3.243000E+00,+17.808E-03,-2.416426E+00
+3.244750E+00,+17.710E-03,-2.416426E+00
+3.246500E+00,+17.624E-03,-2.411401E+00
+3.248250E+00,+17.551E-03,-2.406376E+00
+3.250000E+00,+17.505E-03,-2.401350E+00
+3.251750E+00,+17.464E-03,-2.396325E+00
+3.253500E+00,+17.431E-03,-2.396325E+00
+3.255250E+00,+17.371E-03,-2.391300E+00
+3.257000E+00,+17.352E-03,-2.386275E+00
+3.258750E+00,+17.332E-03,-2.381250E+00
+3.260500E+00,+17.295E-03,-2.378895E+00
+3.262250E+00,+17.307E-03,-2.376225E+00
+3.264000E+00,+17.280E-03,-2.371200E+00
+3.265750E+00,+17.245E-03,-2.366232E+00
+3.267500E+00,+17.253E-03,-2.366175E+00
+3.269250E+00,+17.232E-03,-2.366175E+00
+3.271000E+00,+17.194E-03,-2.361149E+00
+3.272750E+00,+17.190E-03,-2.359398E+00
+3.274500E+00,+17.174E-03,-2.356124E+00
+3.276250E+00,+17.169E-03,-2.355981E+00
+3.278000E+00,+17.146E-03,-2.351099E+00
+3.279750E+00,+17.153E-03,-2.351099E+00
+3.281500E+00,+17.126E-03,-2.346074E+00
+3.283250E+00,+17.154E-03,-2.346074E+00
+3.285000E+00,+17.144E-03,-2.341049E+00
+3.286750E+00,+17.169E-03,-2.341049E+00
+3.288500E+00,+17.144E-03,-2.336024E+00
+3.290250E+00,+17.175E-03,-2.332262E+00
+3.292000E+00,+17.176E-03,-2.330999E+00
+3.293750E+00,+17.201E-03,-2.325974E+00
+3.295500E+00,+17.191E-03,-2.320948E+00
+3.297250E+00,+17.222E-03,-2.315923E+00
+3.299000E+00,+17.219E-03,-2.315923E+00
+3.300750E+00,+17.209E-03,-2.310898E+00
+3.302500E+00,+17.244E-03,-2.305873E+00
+3.304250E+00,+17.264E-03,-2.303203E+00
+3.306000E+00,+17.286E-03,-2.299297E+00
+3.307750E+00,+17.309E-03,-2.295823E+00
+3.309500E+00,+17.332E-03,-2.290798E+00
+3.311250E+00,+17.330E-03,-2.290798E+00
+3.313000E+00,+17.324E-03,-2.285773E+00
+3.314750E+00,+17.358E-03,-2.280747E+00
+3.316500E+00,+17.366E-03,-2.280747E+00
+3.318250E+00,+17.335E-03,-2.279800E+00
+3.320000E+00,+17.357E-03,-2.275722E+00
+3.321750E+00,+17.368E-03,-2.275722E+00
+3.323500E+00,+17.388E-03,-2.270697E+00
+3.325250E+00,+17.377E-03,-2.267941E+00
+3.327000E+00,+17.420E-03,-2.265672E+00
+3.328750E+00,+17.420E-03,-2.260647E+00
+3.330500E+00,+17.433E-03,-2.255622E+00
+3.332250E+00,+17.433E-03,-2.251056E+00
+3.334000E+00,+17.461E-03,-2.250597E+00
+3.335750E+00,+17.483E-03,-2.245572E+00
+3.337500E+00,+17.488E-03,-2.243418E+00
+3.339250E+00,+17.489E-03,-2.239197E+00
+3.341000E+00,+17.549E-03,-2.234976E+00
+3.342750E+00,+17.546E-03,-2.230496E+00
+3.344500E+00,+17.574E-03,-2.225471E+00
+3.346250E+00,+17.618E-03,-2.220446E+00
+3.348000E+00,+17.646E-03,-2.215421E+00
+3.349750E+00,+17.679E-03,-2.215421E+00
+3.351500E+00,+17.698E-03,-2.210396E+00
+3.353250E+00,+17.709E-03,-2.205428E+00
+3.355000E+00,+17.747E-03,-2.205371E+00
+3.356750E+00,+17.751E-03,-2.200345E+00
+3.358500E+00,+17.791E-03,-2.200345E+00
+3.360250E+00,+17.788E-03,-2.200345E+00
+3.362000E+00,+17.814E-03,-2.195320E+00
+3.363750E+00,+17.810E-03,-2.195320E+00
+3.365500E+00,+17.836E-03,-2.195320E+00
+3.367250E+00,+17.856E-03,-2.190295E+00
+3.369000E+00,+17.885E-03,-2.187539E+00
+3.370750E+00,+17.907E-03,-2.185270E+00
+3.372500E+00,+17.906E-03,-2.184121E+00
+3.374250E+00,+17.938E-03,-2.180245E+00
+3.376000E+00,+17.973E-03,-2.175220E+00
+3.377750E+00,+18.020E-03,-2.175220E+00
+3.379500E+00,+18.025E-03,-2.170195E+00
+3.381250E+00,+18.074E-03,-2.168041E+00
+3.383000E+00,+18.074E-03,-2.163820E+00
+3.384750E+00,+18.125E-03,-2.159599E+00
+3.386500E+00,+18.161E-03,-2.155119E+00
+3.388250E+00,+18.199E-03,-2.150094E+00
+3.390000E+00,+18.229E-03,-2.145069E+00
+3.391750E+00,+18.243E-03,-2.142714E+00
+3.393500E+00,+18.282E-03,-2.138493E+00
+3.395250E+00,+18.293E-03,-2.135019E+00
+3.397000E+00,+18.325E-03,-2.135019E+00
+3.398750E+00,+18.377E-03,-2.129994E+00
+3.400500E+00,+18.413E-03,-2.129994E+00
+3.402250E+00,+18.407E-03,-2.124969E+00
+3.404000E+00,+18.426E-03,-2.124969E+00
+3.405750E+00,+18.450E-03,-2.119943E+00
+3.407500E+00,+18.501E-03,-2.119943E+00
+3.409250E+00,+18.538E-03,-2.119943E+00
+3.411000E+00,+18.585E-03,-2.114918E+00
+3.412750E+00,+18.577E-03,-2.114918E+00
+3.414500E+00,+18.581E-03,-2.109893E+00
+3.416250E+00,+18.622E-03,-2.109893E+00
+3.418000E+00,+18.652E-03,-2.109893E+00
+3.419750E+00,+18.664E-03,-2.104868E+00
+3.421500E+00,+18.711E-03,-2.104868E+00
+3.423250E+00,+18.742E-03,-2.099843E+00
+3.425000E+00,+18.761E-03,-2.097689E+00
+3.426750E+00,+18.796E-03,-2.094818E+00
+3.428500E+00,+18.830E-03,-2.089793E+00
+3.430250E+00,+18.854E-03,-2.085026E+00
+3.432000E+00,+18.897E-03,-2.084768E+00
+3.433750E+00,+18.915E-03,-2.079742E+00
+3.435500E+00,+18.971E-03,-2.074717E+00
+3.437250E+00,+18.961E-03,-2.074717E+00
+3.439000E+00,+19.030E-03,-2.068946E+00
+3.440750E+00,+19.041E-03,-2.064667E+00
+3.442500E+00,+19.079E-03,-2.064667E+00
+3.444250E+00,+19.112E-03,-2.059642E+00
+3.446000E+00,+19.154E-03,-2.054617E+00
+3.447750E+00,+19.183E-03,-2.049592E+00
+3.449500E+00,+19.214E-03,-2.049592E+00
+3.451250E+00,+19.254E-03,-2.044567E+00
+3.453000E+00,+19.325E-03,-2.044567E+00
+3.454750E+00,+19.344E-03,-2.044567E+00
+3.456500E+00,+19.376E-03,-2.039541E+00
+3.458250E+00,+19.377E-03,-2.039541E+00
